INSERT INTO TBL_ABSENCE (ABSENCE_SEQ, ATT_SEQ) VALUES (1, 144);
INSERT INTO TBL_ABSENCE (ABSENCE_SEQ, ATT_SEQ) VALUES (2, 145);
INSERT INTO TBL_ABSENCE (ABSENCE_SEQ, ATT_SEQ) VALUES (3, 146);
INSERT INTO TBL_ABSENCE (ABSENCE_SEQ, ATT_SEQ) VALUES (4, 159);
INSERT INTO TBL_ABSENCE (ABSENCE_SEQ, ATT_SEQ) VALUES (5, 192);
INSERT INTO TBL_ABSENCE (ABSENCE_SEQ, ATT_SEQ) VALUES (6, 259);
INSERT INTO TBL_ABSENCE (ABSENCE_SEQ, ATT_SEQ) VALUES (7, 341);
INSERT INTO TBL_ABSENCE (ABSENCE_SEQ, ATT_SEQ) VALUES (8, 342);
INSERT INTO TBL_ABSENCE (ABSENCE_SEQ, ATT_SEQ) VALUES (9, 343);
INSERT INTO TBL_ABSENCE (ABSENCE_SEQ, ATT_SEQ) VALUES (10, 344);
INSERT INTO TBL_ABSENCE (ABSENCE_SEQ, ATT_SEQ) VALUES (11, 345);
INSERT INTO TBL_ABSENCE (ABSENCE_SEQ, ATT_SEQ) VALUES (12, 346);
INSERT INTO TBL_ABSENCE (ABSENCE_SEQ, ATT_SEQ) VALUES (13, 347);
INSERT INTO TBL_ABSENCE (ABSENCE_SEQ, ATT_SEQ) VALUES (14, 348);
INSERT INTO TBL_ABSENCE (ABSENCE_SEQ, ATT_SEQ) VALUES (15, 349);
INSERT INTO TBL_ABSENCE_SICK (ABSENCE_S_SEQ, ABSENCE_SEQ) VALUES (1, 1);
INSERT INTO TBL_ABSENCE_SICK (ABSENCE_S_SEQ, ABSENCE_SEQ) VALUES (2, 4);
INSERT INTO TBL_ABSENCE_SICK (ABSENCE_S_SEQ, ABSENCE_SEQ) VALUES (3, 7);
INSERT INTO TBL_ABSENCE_SICK (ABSENCE_S_SEQ, ABSENCE_SEQ) VALUES (4, 14);
INSERT INTO TBL_ABSENCE_SICK (ABSENCE_S_SEQ, ABSENCE_SEQ) VALUES (5, 15);
INSERT INTO TBL_ADVICE (AD_SEQ, CONTENT, AD_DATE, M_ID, ST_COU_SEQ) VALUES (2, '지소연 학생이 수업이 너무 어려워서 중도포기 고민중이라고함.', TO_DATE('2018-01-16 00:00:00', 'YYYY-MM-DD HH24:MI:SS'), 'A2', 17);
INSERT INTO TBL_ADVICE (AD_SEQ, CONTENT, AD_DATE, M_ID, ST_COU_SEQ) VALUES (3, '유지한 학생은 학원이 너무 유익하다고함.', TO_DATE('2018-01-22 00:00:00', 'YYYY-MM-DD HH24:MI:SS'), 'A2', 30);
INSERT INTO TBL_ADVICE (AD_SEQ, CONTENT, AD_DATE, M_ID, ST_COU_SEQ) VALUES (1, '김라탄 학생이 가정사로 출결에 신경을 못썼다고 함', TO_DATE('2018-01-02 00:00:00', 'YYYY-MM-DD HH24:MI:SS'), 'A1', 11);
INSERT INTO TBL_ATTENDANCE (ATT_SEQ, ST_COU_SEQ, STATE_SEQ, S_DATE) VALUES (321, 6, 1, TO_DATE('2017-08-21 08:20:22', 'YYYY-MM-DD HH24:MI:SS'));
INSERT INTO TBL_ATTENDANCE (ATT_SEQ, ST_COU_SEQ, STATE_SEQ, S_DATE) VALUES (322, 6, 2, TO_DATE('2017-08-21 14:20:22', 'YYYY-MM-DD HH24:MI:SS'));
INSERT INTO TBL_ATTENDANCE (ATT_SEQ, ST_COU_SEQ, STATE_SEQ, S_DATE) VALUES (323, 7, 1, TO_DATE('2017-08-21 09:30:00', 'YYYY-MM-DD HH24:MI:SS'));
INSERT INTO TBL_ATTENDANCE (ATT_SEQ, ST_COU_SEQ, STATE_SEQ, S_DATE) VALUES (324, 7, 4, TO_DATE('2017-08-21 18:05:00', 'YYYY-MM-DD HH24:MI:SS'));
INSERT INTO TBL_ATTENDANCE (ATT_SEQ, ST_COU_SEQ, STATE_SEQ, S_DATE) VALUES (325, 9, 1, TO_DATE('2017-08-21 08:50:00', 'YYYY-MM-DD HH24:MI:SS'));
INSERT INTO TBL_ATTENDANCE (ATT_SEQ, ST_COU_SEQ, STATE_SEQ, S_DATE) VALUES (326, 9, 3, TO_DATE('2017-08-21 11:05:00', 'YYYY-MM-DD HH24:MI:SS'));
INSERT INTO TBL_ATTENDANCE (ATT_SEQ, ST_COU_SEQ, STATE_SEQ, S_DATE) VALUES (327, 9, 3, TO_DATE('2017-08-21 13:00:00', 'YYYY-MM-DD HH24:MI:SS'));
INSERT INTO TBL_ATTENDANCE (ATT_SEQ, ST_COU_SEQ, STATE_SEQ, S_DATE) VALUES (328, 9, 2, TO_DATE('2017-08-21 17:05:00', 'YYYY-MM-DD HH24:MI:SS'));
INSERT INTO TBL_ATTENDANCE (ATT_SEQ, ST_COU_SEQ, STATE_SEQ, S_DATE) VALUES (329, 10, 1, TO_DATE('2017-08-21 08:41:00', 'YYYY-MM-DD HH24:MI:SS'));
INSERT INTO TBL_ATTENDANCE (ATT_SEQ, ST_COU_SEQ, STATE_SEQ, S_DATE) VALUES (330, 10, 4, TO_DATE('2017-08-21 18:34:00', 'YYYY-MM-DD HH24:MI:SS'));
INSERT INTO TBL_ATTENDANCE (ATT_SEQ, ST_COU_SEQ, STATE_SEQ, S_DATE) VALUES (331, 11, 1, TO_DATE('2017-08-21 09:08:00', 'YYYY-MM-DD HH24:MI:SS'));
INSERT INTO TBL_ATTENDANCE (ATT_SEQ, ST_COU_SEQ, STATE_SEQ, S_DATE) VALUES (332, 11, 4, TO_DATE('2017-08-21 18:11:00', 'YYYY-MM-DD HH24:MI:SS'));
INSERT INTO TBL_ATTENDANCE (ATT_SEQ, ST_COU_SEQ, STATE_SEQ, S_DATE) VALUES (333, 12, 1, TO_DATE('2017-08-21 08:59:00', 'YYYY-MM-DD HH24:MI:SS'));
INSERT INTO TBL_ATTENDANCE (ATT_SEQ, ST_COU_SEQ, STATE_SEQ, S_DATE) VALUES (334, 12, 4, TO_DATE('2017-08-21 18:03:00', 'YYYY-MM-DD HH24:MI:SS'));
INSERT INTO TBL_ATTENDANCE (ATT_SEQ, ST_COU_SEQ, STATE_SEQ, S_DATE) VALUES (335, 13, 1, TO_DATE('2017-08-21 08:34:45', 'YYYY-MM-DD HH24:MI:SS'));
INSERT INTO TBL_ATTENDANCE (ATT_SEQ, ST_COU_SEQ, STATE_SEQ, S_DATE) VALUES (336, 13, 4, TO_DATE('2017-08-21 18:15:00', 'YYYY-MM-DD HH24:MI:SS'));
INSERT INTO TBL_ATTENDANCE (ATT_SEQ, ST_COU_SEQ, STATE_SEQ, S_DATE) VALUES (337, 14, 1, TO_DATE('2017-08-21 08:59:32', 'YYYY-MM-DD HH24:MI:SS'));
INSERT INTO TBL_ATTENDANCE (ATT_SEQ, ST_COU_SEQ, STATE_SEQ, S_DATE) VALUES (338, 14, 2, TO_DATE('2017-08-21 15:10:15', 'YYYY-MM-DD HH24:MI:SS'));
INSERT INTO TBL_ATTENDANCE (ATT_SEQ, ST_COU_SEQ, STATE_SEQ, S_DATE) VALUES (339, 15, 1, TO_DATE('2017-08-21 08:44:32', 'YYYY-MM-DD HH24:MI:SS'));
INSERT INTO TBL_ATTENDANCE (ATT_SEQ, ST_COU_SEQ, STATE_SEQ, S_DATE) VALUES (340, 15, 4, TO_DATE('2017-08-21 20:10:15', 'YYYY-MM-DD HH24:MI:SS'));
INSERT INTO TBL_ATTENDANCE (ATT_SEQ, ST_COU_SEQ, STATE_SEQ, S_DATE) VALUES (341, 6, 1, TO_DATE('2017-08-10 21:00:00', 'YYYY-MM-DD HH24:MI:SS'));
INSERT INTO TBL_ATTENDANCE (ATT_SEQ, ST_COU_SEQ, STATE_SEQ, S_DATE) VALUES (342, 4, 1, TO_DATE('2017-08-14 21:00:00', 'YYYY-MM-DD HH24:MI:SS'));
INSERT INTO TBL_ATTENDANCE (ATT_SEQ, ST_COU_SEQ, STATE_SEQ, S_DATE) VALUES (343, 4, 1, TO_DATE('2017-08-15 21:00:00', 'YYYY-MM-DD HH24:MI:SS'));
INSERT INTO TBL_ATTENDANCE (ATT_SEQ, ST_COU_SEQ, STATE_SEQ, S_DATE) VALUES (344, 5, 1, TO_DATE('2017-08-18 21:00:00', 'YYYY-MM-DD HH24:MI:SS'));
INSERT INTO TBL_ATTENDANCE (ATT_SEQ, ST_COU_SEQ, STATE_SEQ, S_DATE) VALUES (345, 7, 1, TO_DATE('2017-08-18 21:00:00', 'YYYY-MM-DD HH24:MI:SS'));
INSERT INTO TBL_ATTENDANCE (ATT_SEQ, ST_COU_SEQ, STATE_SEQ, S_DATE) VALUES (346, 1, 1, TO_DATE('2017-08-21 21:00:00', 'YYYY-MM-DD HH24:MI:SS'));
INSERT INTO TBL_ATTENDANCE (ATT_SEQ, ST_COU_SEQ, STATE_SEQ, S_DATE) VALUES (347, 2, 1, TO_DATE('2017-08-21 21:00:00', 'YYYY-MM-DD HH24:MI:SS'));
INSERT INTO TBL_ATTENDANCE (ATT_SEQ, ST_COU_SEQ, STATE_SEQ, S_DATE) VALUES (348, 3, 1, TO_DATE('2017-08-21 21:00:00', 'YYYY-MM-DD HH24:MI:SS'));
INSERT INTO TBL_ATTENDANCE (ATT_SEQ, ST_COU_SEQ, STATE_SEQ, S_DATE) VALUES (349, 8, 1, TO_DATE('2017-08-21 21:00:00', 'YYYY-MM-DD HH24:MI:SS'));
INSERT INTO TBL_ATTENDANCE (ATT_SEQ, ST_COU_SEQ, STATE_SEQ, S_DATE) VALUES (302, 10, 4, TO_DATE('2017-08-18 18:11:00', 'YYYY-MM-DD HH24:MI:SS'));
INSERT INTO TBL_ATTENDANCE (ATT_SEQ, ST_COU_SEQ, STATE_SEQ, S_DATE) VALUES (303, 11, 1, TO_DATE('2017-08-18 08:57:00', 'YYYY-MM-DD HH24:MI:SS'));
INSERT INTO TBL_ATTENDANCE (ATT_SEQ, ST_COU_SEQ, STATE_SEQ, S_DATE) VALUES (304, 11, 3, TO_DATE('2017-08-18 14:00:00', 'YYYY-MM-DD HH24:MI:SS'));
INSERT INTO TBL_ATTENDANCE (ATT_SEQ, ST_COU_SEQ, STATE_SEQ, S_DATE) VALUES (305, 11, 3, TO_DATE('2017-08-18 14:51:00', 'YYYY-MM-DD HH24:MI:SS'));
INSERT INTO TBL_ATTENDANCE (ATT_SEQ, ST_COU_SEQ, STATE_SEQ, S_DATE) VALUES (306, 11, 4, TO_DATE('2017-08-18 18:17:00', 'YYYY-MM-DD HH24:MI:SS'));
INSERT INTO TBL_ATTENDANCE (ATT_SEQ, ST_COU_SEQ, STATE_SEQ, S_DATE) VALUES (307, 12, 1, TO_DATE('2017-08-18 10:40:00', 'YYYY-MM-DD HH24:MI:SS'));
INSERT INTO TBL_ATTENDANCE (ATT_SEQ, ST_COU_SEQ, STATE_SEQ, S_DATE) VALUES (308, 12, 4, TO_DATE('2017-08-18 18:08:00', 'YYYY-MM-DD HH24:MI:SS'));
INSERT INTO TBL_ATTENDANCE (ATT_SEQ, ST_COU_SEQ, STATE_SEQ, S_DATE) VALUES (309, 13, 1, TO_DATE('2017-08-18 08:44:30', 'YYYY-MM-DD HH24:MI:SS'));
INSERT INTO TBL_ATTENDANCE (ATT_SEQ, ST_COU_SEQ, STATE_SEQ, S_DATE) VALUES (310, 13, 4, TO_DATE('2017-08-18 18:05:00', 'YYYY-MM-DD HH24:MI:SS'));
INSERT INTO TBL_ATTENDANCE (ATT_SEQ, ST_COU_SEQ, STATE_SEQ, S_DATE) VALUES (311, 14, 1, TO_DATE('2017-08-18 08:55:30', 'YYYY-MM-DD HH24:MI:SS'));
INSERT INTO TBL_ATTENDANCE (ATT_SEQ, ST_COU_SEQ, STATE_SEQ, S_DATE) VALUES (312, 14, 4, TO_DATE('2017-08-18 18:25:51', 'YYYY-MM-DD HH24:MI:SS'));
INSERT INTO TBL_ATTENDANCE (ATT_SEQ, ST_COU_SEQ, STATE_SEQ, S_DATE) VALUES (313, 15, 1, TO_DATE('2017-08-18 08:15:32', 'YYYY-MM-DD HH24:MI:SS'));
INSERT INTO TBL_ATTENDANCE (ATT_SEQ, ST_COU_SEQ, STATE_SEQ, S_DATE) VALUES (314, 15, 4, TO_DATE('2017-08-18 19:20:15', 'YYYY-MM-DD HH24:MI:SS'));
INSERT INTO TBL_ATTENDANCE (ATT_SEQ, ST_COU_SEQ, STATE_SEQ, S_DATE) VALUES (315, 4, 1, TO_DATE('2017-08-21 10:20:22', 'YYYY-MM-DD HH24:MI:SS'));
INSERT INTO TBL_ATTENDANCE (ATT_SEQ, ST_COU_SEQ, STATE_SEQ, S_DATE) VALUES (316, 4, 3, TO_DATE('2017-08-21 14:20:22', 'YYYY-MM-DD HH24:MI:SS'));
INSERT INTO TBL_ATTENDANCE (ATT_SEQ, ST_COU_SEQ, STATE_SEQ, S_DATE) VALUES (317, 4, 3, TO_DATE('2017-08-21 15:20:22', 'YYYY-MM-DD HH24:MI:SS'));
INSERT INTO TBL_ATTENDANCE (ATT_SEQ, ST_COU_SEQ, STATE_SEQ, S_DATE) VALUES (318, 4, 2, TO_DATE('2017-08-21 14:20:22', 'YYYY-MM-DD HH24:MI:SS'));
INSERT INTO TBL_ATTENDANCE (ATT_SEQ, ST_COU_SEQ, STATE_SEQ, S_DATE) VALUES (319, 5, 1, TO_DATE('2017-08-21 08:20:22', 'YYYY-MM-DD HH24:MI:SS'));
INSERT INTO TBL_ATTENDANCE (ATT_SEQ, ST_COU_SEQ, STATE_SEQ, S_DATE) VALUES (320, 5, 4, TO_DATE('2017-08-21 18:20:22', 'YYYY-MM-DD HH24:MI:SS'));
INSERT INTO TBL_ATTENDANCE (ATT_SEQ, ST_COU_SEQ, STATE_SEQ, S_DATE) VALUES (1, 1, 1, TO_DATE('2017-08-08 08:40:00', 'YYYY-MM-DD HH24:MI:SS'));
INSERT INTO TBL_ATTENDANCE (ATT_SEQ, ST_COU_SEQ, STATE_SEQ, S_DATE) VALUES (2, 1, 4, TO_DATE('2017-08-08 19:00:00', 'YYYY-MM-DD HH24:MI:SS'));
INSERT INTO TBL_ATTENDANCE (ATT_SEQ, ST_COU_SEQ, STATE_SEQ, S_DATE) VALUES (3, 2, 1, TO_DATE('2017-08-08 08:55:00', 'YYYY-MM-DD HH24:MI:SS'));
INSERT INTO TBL_ATTENDANCE (ATT_SEQ, ST_COU_SEQ, STATE_SEQ, S_DATE) VALUES (4, 2, 4, TO_DATE('2017-08-08 20:09:00', 'YYYY-MM-DD HH24:MI:SS'));
INSERT INTO TBL_ATTENDANCE (ATT_SEQ, ST_COU_SEQ, STATE_SEQ, S_DATE) VALUES (5, 3, 1, TO_DATE('2017-08-08 08:23:00', 'YYYY-MM-DD HH24:MI:SS'));
INSERT INTO TBL_ATTENDANCE (ATT_SEQ, ST_COU_SEQ, STATE_SEQ, S_DATE) VALUES (6, 3, 4, TO_DATE('2017-08-08 18:04:00', 'YYYY-MM-DD HH24:MI:SS'));
INSERT INTO TBL_ATTENDANCE (ATT_SEQ, ST_COU_SEQ, STATE_SEQ, S_DATE) VALUES (7, 4, 1, TO_DATE('2017-08-08 08:50:22', 'YYYY-MM-DD HH24:MI:SS'));
INSERT INTO TBL_ATTENDANCE (ATT_SEQ, ST_COU_SEQ, STATE_SEQ, S_DATE) VALUES (8, 4, 4, TO_DATE('2017-08-08 18:20:22', 'YYYY-MM-DD HH24:MI:SS'));
INSERT INTO TBL_ATTENDANCE (ATT_SEQ, ST_COU_SEQ, STATE_SEQ, S_DATE) VALUES (9, 5, 1, TO_DATE('2017-08-08 10:20:22', 'YYYY-MM-DD HH24:MI:SS'));
INSERT INTO TBL_ATTENDANCE (ATT_SEQ, ST_COU_SEQ, STATE_SEQ, S_DATE) VALUES (10, 5, 3, TO_DATE('2017-08-08 14:20:22', 'YYYY-MM-DD HH24:MI:SS'));
INSERT INTO TBL_ATTENDANCE (ATT_SEQ, ST_COU_SEQ, STATE_SEQ, S_DATE) VALUES (11, 5, 3, TO_DATE('2017-08-08 15:20:22', 'YYYY-MM-DD HH24:MI:SS'));
INSERT INTO TBL_ATTENDANCE (ATT_SEQ, ST_COU_SEQ, STATE_SEQ, S_DATE) VALUES (12, 5, 2, TO_DATE('2017-08-08 14:20:22', 'YYYY-MM-DD HH24:MI:SS'));
INSERT INTO TBL_ATTENDANCE (ATT_SEQ, ST_COU_SEQ, STATE_SEQ, S_DATE) VALUES (13, 6, 1, TO_DATE('2017-08-08 08:50:22', 'YYYY-MM-DD HH24:MI:SS'));
INSERT INTO TBL_ATTENDANCE (ATT_SEQ, ST_COU_SEQ, STATE_SEQ, S_DATE) VALUES (14, 6, 4, TO_DATE('2017-08-08 18:20:22', 'YYYY-MM-DD HH24:MI:SS'));
INSERT INTO TBL_ATTENDANCE (ATT_SEQ, ST_COU_SEQ, STATE_SEQ, S_DATE) VALUES (15, 7, 1, TO_DATE('2017-08-08 09:00:00', 'YYYY-MM-DD HH24:MI:SS'));
INSERT INTO TBL_ATTENDANCE (ATT_SEQ, ST_COU_SEQ, STATE_SEQ, S_DATE) VALUES (16, 7, 4, TO_DATE('2017-08-08 18:05:00', 'YYYY-MM-DD HH24:MI:SS'));
INSERT INTO TBL_ATTENDANCE (ATT_SEQ, ST_COU_SEQ, STATE_SEQ, S_DATE) VALUES (17, 8, 1, TO_DATE('2017-08-08 09:50:00', 'YYYY-MM-DD HH24:MI:SS'));
INSERT INTO TBL_ATTENDANCE (ATT_SEQ, ST_COU_SEQ, STATE_SEQ, S_DATE) VALUES (18, 8, 4, TO_DATE('2017-08-08 18:05:00', 'YYYY-MM-DD HH24:MI:SS'));
INSERT INTO TBL_ATTENDANCE (ATT_SEQ, ST_COU_SEQ, STATE_SEQ, S_DATE) VALUES (19, 9, 1, TO_DATE('2017-08-08 09:00:00', 'YYYY-MM-DD HH24:MI:SS'));
INSERT INTO TBL_ATTENDANCE (ATT_SEQ, ST_COU_SEQ, STATE_SEQ, S_DATE) VALUES (20, 9, 2, TO_DATE('2017-08-08 17:05:00', 'YYYY-MM-DD HH24:MI:SS'));
INSERT INTO TBL_ATTENDANCE (ATT_SEQ, ST_COU_SEQ, STATE_SEQ, S_DATE) VALUES (21, 10, 1, TO_DATE('2017-08-08 09:00:00', 'YYYY-MM-DD HH24:MI:SS'));
INSERT INTO TBL_ATTENDANCE (ATT_SEQ, ST_COU_SEQ, STATE_SEQ, S_DATE) VALUES (22, 10, 4, TO_DATE('2017-08-08 18:20:00', 'YYYY-MM-DD HH24:MI:SS'));
INSERT INTO TBL_ATTENDANCE (ATT_SEQ, ST_COU_SEQ, STATE_SEQ, S_DATE) VALUES (23, 11, 1, TO_DATE('2017-08-08 09:00:00', 'YYYY-MM-DD HH24:MI:SS'));
INSERT INTO TBL_ATTENDANCE (ATT_SEQ, ST_COU_SEQ, STATE_SEQ, S_DATE) VALUES (24, 11, 3, TO_DATE('2017-08-08 14:10:00', 'YYYY-MM-DD HH24:MI:SS'));
INSERT INTO TBL_ATTENDANCE (ATT_SEQ, ST_COU_SEQ, STATE_SEQ, S_DATE) VALUES (25, 11, 3, TO_DATE('2017-08-08 14:50:00', 'YYYY-MM-DD HH24:MI:SS'));
INSERT INTO TBL_ATTENDANCE (ATT_SEQ, ST_COU_SEQ, STATE_SEQ, S_DATE) VALUES (26, 11, 4, TO_DATE('2017-08-08 18:15:00', 'YYYY-MM-DD HH24:MI:SS'));
INSERT INTO TBL_ATTENDANCE (ATT_SEQ, ST_COU_SEQ, STATE_SEQ, S_DATE) VALUES (27, 12, 1, TO_DATE('2017-08-08 09:03:00', 'YYYY-MM-DD HH24:MI:SS'));
INSERT INTO TBL_ATTENDANCE (ATT_SEQ, ST_COU_SEQ, STATE_SEQ, S_DATE) VALUES (28, 12, 4, TO_DATE('2017-08-08 18:01:00', 'YYYY-MM-DD HH24:MI:SS'));
INSERT INTO TBL_ATTENDANCE (ATT_SEQ, ST_COU_SEQ, STATE_SEQ, S_DATE) VALUES (29, 13, 1, TO_DATE('2017-08-08 08:59:00', 'YYYY-MM-DD HH24:MI:SS'));
INSERT INTO TBL_ATTENDANCE (ATT_SEQ, ST_COU_SEQ, STATE_SEQ, S_DATE) VALUES (30, 13, 4, TO_DATE('2017-08-08 18:15:00', 'YYYY-MM-DD HH24:MI:SS'));
INSERT INTO TBL_ATTENDANCE (ATT_SEQ, ST_COU_SEQ, STATE_SEQ, S_DATE) VALUES (31, 14, 1, TO_DATE('2017-08-08 08:17:36', 'YYYY-MM-DD HH24:MI:SS'));
INSERT INTO TBL_ATTENDANCE (ATT_SEQ, ST_COU_SEQ, STATE_SEQ, S_DATE) VALUES (32, 14, 4, TO_DATE('2017-08-08 19:12:50', 'YYYY-MM-DD HH24:MI:SS'));
INSERT INTO TBL_ATTENDANCE (ATT_SEQ, ST_COU_SEQ, STATE_SEQ, S_DATE) VALUES (33, 15, 1, TO_DATE('2017-08-08 08:22:32', 'YYYY-MM-DD HH24:MI:SS'));
INSERT INTO TBL_ATTENDANCE (ATT_SEQ, ST_COU_SEQ, STATE_SEQ, S_DATE) VALUES (34, 15, 2, TO_DATE('2017-08-08 15:10:15', 'YYYY-MM-DD HH24:MI:SS'));
INSERT INTO TBL_ATTENDANCE (ATT_SEQ, ST_COU_SEQ, STATE_SEQ, S_DATE) VALUES (35, 1, 1, TO_DATE('2017-08-09 09:40:00', 'YYYY-MM-DD HH24:MI:SS'));
INSERT INTO TBL_ATTENDANCE (ATT_SEQ, ST_COU_SEQ, STATE_SEQ, S_DATE) VALUES (36, 1, 4, TO_DATE('2017-08-09 19:40:00', 'YYYY-MM-DD HH24:MI:SS'));
INSERT INTO TBL_ATTENDANCE (ATT_SEQ, ST_COU_SEQ, STATE_SEQ, S_DATE) VALUES (37, 2, 1, TO_DATE('2017-08-09 09:11:00', 'YYYY-MM-DD HH24:MI:SS'));
INSERT INTO TBL_ATTENDANCE (ATT_SEQ, ST_COU_SEQ, STATE_SEQ, S_DATE) VALUES (38, 2, 4, TO_DATE('2017-08-09 19:41:00', 'YYYY-MM-DD HH24:MI:SS'));
INSERT INTO TBL_ATTENDANCE (ATT_SEQ, ST_COU_SEQ, STATE_SEQ, S_DATE) VALUES (39, 3, 1, TO_DATE('2017-08-09 09:13:00', 'YYYY-MM-DD HH24:MI:SS'));
INSERT INTO TBL_ATTENDANCE (ATT_SEQ, ST_COU_SEQ, STATE_SEQ, S_DATE) VALUES (40, 3, 4, TO_DATE('2017-08-09 19:22:00', 'YYYY-MM-DD HH24:MI:SS'));
INSERT INTO TBL_ATTENDANCE (ATT_SEQ, ST_COU_SEQ, STATE_SEQ, S_DATE) VALUES (41, 4, 1, TO_DATE('2017-08-09 10:20:22', 'YYYY-MM-DD HH24:MI:SS'));
INSERT INTO TBL_ATTENDANCE (ATT_SEQ, ST_COU_SEQ, STATE_SEQ, S_DATE) VALUES (42, 4, 2, TO_DATE('2017-08-09 14:20:22', 'YYYY-MM-DD HH24:MI:SS'));
INSERT INTO TBL_ATTENDANCE (ATT_SEQ, ST_COU_SEQ, STATE_SEQ, S_DATE) VALUES (43, 5, 1, TO_DATE('2017-08-09 08:50:22', 'YYYY-MM-DD HH24:MI:SS'));
INSERT INTO TBL_ATTENDANCE (ATT_SEQ, ST_COU_SEQ, STATE_SEQ, S_DATE) VALUES (44, 6, 1, TO_DATE('2017-08-09 08:50:22', 'YYYY-MM-DD HH24:MI:SS'));
INSERT INTO TBL_ATTENDANCE (ATT_SEQ, ST_COU_SEQ, STATE_SEQ, S_DATE) VALUES (45, 6, 3, TO_DATE('2017-08-09 14:20:22', 'YYYY-MM-DD HH24:MI:SS'));
INSERT INTO TBL_ATTENDANCE (ATT_SEQ, ST_COU_SEQ, STATE_SEQ, S_DATE) VALUES (46, 6, 3, TO_DATE('2017-08-09 15:20:22', 'YYYY-MM-DD HH24:MI:SS'));
INSERT INTO TBL_ATTENDANCE (ATT_SEQ, ST_COU_SEQ, STATE_SEQ, S_DATE) VALUES (47, 6, 4, TO_DATE('2017-08-09 18:20:22', 'YYYY-MM-DD HH24:MI:SS'));
INSERT INTO TBL_ATTENDANCE (ATT_SEQ, ST_COU_SEQ, STATE_SEQ, S_DATE) VALUES (48, 7, 1, TO_DATE('2017-08-09 09:30:00', 'YYYY-MM-DD HH24:MI:SS'));
INSERT INTO TBL_ATTENDANCE (ATT_SEQ, ST_COU_SEQ, STATE_SEQ, S_DATE) VALUES (49, 7, 3, TO_DATE('2017-08-09 11:05:00', 'YYYY-MM-DD HH24:MI:SS'));
INSERT INTO TBL_ATTENDANCE (ATT_SEQ, ST_COU_SEQ, STATE_SEQ, S_DATE) VALUES (50, 7, 3, TO_DATE('2017-08-09 13:00:00', 'YYYY-MM-DD HH24:MI:SS'));
INSERT INTO TBL_ATTENDANCE (ATT_SEQ, ST_COU_SEQ, STATE_SEQ, S_DATE) VALUES (51, 7, 4, TO_DATE('2017-08-09 18:05:00', 'YYYY-MM-DD HH24:MI:SS'));
INSERT INTO TBL_ATTENDANCE (ATT_SEQ, ST_COU_SEQ, STATE_SEQ, S_DATE) VALUES (52, 8, 1, TO_DATE('2017-08-09 09:00:00', 'YYYY-MM-DD HH24:MI:SS'));
INSERT INTO TBL_ATTENDANCE (ATT_SEQ, ST_COU_SEQ, STATE_SEQ, S_DATE) VALUES (53, 8, 4, TO_DATE('2017-08-09 18:05:00', 'YYYY-MM-DD HH24:MI:SS'));
INSERT INTO TBL_ATTENDANCE (ATT_SEQ, ST_COU_SEQ, STATE_SEQ, S_DATE) VALUES (54, 9, 1, TO_DATE('2017-08-09 08:50:00', 'YYYY-MM-DD HH24:MI:SS'));
INSERT INTO TBL_ATTENDANCE (ATT_SEQ, ST_COU_SEQ, STATE_SEQ, S_DATE) VALUES (55, 9, 3, TO_DATE('2017-08-09 11:05:00', 'YYYY-MM-DD HH24:MI:SS'));
INSERT INTO TBL_ATTENDANCE (ATT_SEQ, ST_COU_SEQ, STATE_SEQ, S_DATE) VALUES (56, 9, 3, TO_DATE('2017-08-09 13:00:00', 'YYYY-MM-DD HH24:MI:SS'));
INSERT INTO TBL_ATTENDANCE (ATT_SEQ, ST_COU_SEQ, STATE_SEQ, S_DATE) VALUES (57, 9, 4, TO_DATE('2017-08-09 18:05:00', 'YYYY-MM-DD HH24:MI:SS'));
INSERT INTO TBL_ATTENDANCE (ATT_SEQ, ST_COU_SEQ, STATE_SEQ, S_DATE) VALUES (58, 10, 1, TO_DATE('2017-08-09 09:18:00', 'YYYY-MM-DD HH24:MI:SS'));
INSERT INTO TBL_ATTENDANCE (ATT_SEQ, ST_COU_SEQ, STATE_SEQ, S_DATE) VALUES (59, 10, 4, TO_DATE('2017-08-09 18:00:00', 'YYYY-MM-DD HH24:MI:SS'));
INSERT INTO TBL_ATTENDANCE (ATT_SEQ, ST_COU_SEQ, STATE_SEQ, S_DATE) VALUES (60, 11, 1, TO_DATE('2017-08-09 11:30:00', 'YYYY-MM-DD HH24:MI:SS'));
INSERT INTO TBL_ATTENDANCE (ATT_SEQ, ST_COU_SEQ, STATE_SEQ, S_DATE) VALUES (61, 11, 2, TO_DATE('2017-08-09 17:00:00', 'YYYY-MM-DD HH24:MI:SS'));
INSERT INTO TBL_ATTENDANCE (ATT_SEQ, ST_COU_SEQ, STATE_SEQ, S_DATE) VALUES (62, 12, 1, TO_DATE('2017-08-09 08:17:00', 'YYYY-MM-DD HH24:MI:SS'));
INSERT INTO TBL_ATTENDANCE (ATT_SEQ, ST_COU_SEQ, STATE_SEQ, S_DATE) VALUES (63, 12, 4, TO_DATE('2017-08-09 19:10:00', 'YYYY-MM-DD HH24:MI:SS'));
INSERT INTO TBL_ATTENDANCE (ATT_SEQ, ST_COU_SEQ, STATE_SEQ, S_DATE) VALUES (64, 13, 1, TO_DATE('2017-08-09 09:15:21', 'YYYY-MM-DD HH24:MI:SS'));
INSERT INTO TBL_ATTENDANCE (ATT_SEQ, ST_COU_SEQ, STATE_SEQ, S_DATE) VALUES (65, 13, 4, TO_DATE('2017-08-09 18:03:02', 'YYYY-MM-DD HH24:MI:SS'));
INSERT INTO TBL_ATTENDANCE (ATT_SEQ, ST_COU_SEQ, STATE_SEQ, S_DATE) VALUES (66, 14, 1, TO_DATE('2017-08-09 08:47:32', 'YYYY-MM-DD HH24:MI:SS'));
INSERT INTO TBL_ATTENDANCE (ATT_SEQ, ST_COU_SEQ, STATE_SEQ, S_DATE) VALUES (67, 14, 4, TO_DATE('2017-08-09 18:02:54', 'YYYY-MM-DD HH24:MI:SS'));
INSERT INTO TBL_ATTENDANCE (ATT_SEQ, ST_COU_SEQ, STATE_SEQ, S_DATE) VALUES (68, 15, 1, TO_DATE('2017-08-09 09:59:32', 'YYYY-MM-DD HH24:MI:SS'));
INSERT INTO TBL_ATTENDANCE (ATT_SEQ, ST_COU_SEQ, STATE_SEQ, S_DATE) VALUES (69, 15, 4, TO_DATE('2017-08-09 18:10:15', 'YYYY-MM-DD HH24:MI:SS'));
INSERT INTO TBL_ATTENDANCE (ATT_SEQ, ST_COU_SEQ, STATE_SEQ, S_DATE) VALUES (70, 1, 1, TO_DATE('2017-08-10 08:50:00', 'YYYY-MM-DD HH24:MI:SS'));
INSERT INTO TBL_ATTENDANCE (ATT_SEQ, ST_COU_SEQ, STATE_SEQ, S_DATE) VALUES (71, 1, 2, TO_DATE('2017-08-10 14:51:00', 'YYYY-MM-DD HH24:MI:SS'));
INSERT INTO TBL_ATTENDANCE (ATT_SEQ, ST_COU_SEQ, STATE_SEQ, S_DATE) VALUES (72, 2, 1, TO_DATE('2017-08-10 08:51:00', 'YYYY-MM-DD HH24:MI:SS'));
INSERT INTO TBL_ATTENDANCE (ATT_SEQ, ST_COU_SEQ, STATE_SEQ, S_DATE) VALUES (73, 2, 2, TO_DATE('2017-08-10 14:53:00', 'YYYY-MM-DD HH24:MI:SS'));
INSERT INTO TBL_ATTENDANCE (ATT_SEQ, ST_COU_SEQ, STATE_SEQ, S_DATE) VALUES (74, 3, 1, TO_DATE('2017-08-10 08:59:00', 'YYYY-MM-DD HH24:MI:SS'));
INSERT INTO TBL_ATTENDANCE (ATT_SEQ, ST_COU_SEQ, STATE_SEQ, S_DATE) VALUES (75, 3, 2, TO_DATE('2017-08-10 16:23:00', 'YYYY-MM-DD HH24:MI:SS'));
INSERT INTO TBL_ATTENDANCE (ATT_SEQ, ST_COU_SEQ, STATE_SEQ, S_DATE) VALUES (76, 4, 1, TO_DATE('2017-08-10 10:20:22', 'YYYY-MM-DD HH24:MI:SS'));
INSERT INTO TBL_ATTENDANCE (ATT_SEQ, ST_COU_SEQ, STATE_SEQ, S_DATE) VALUES (77, 4, 4, TO_DATE('2017-08-10 18:20:22', 'YYYY-MM-DD HH24:MI:SS'));
INSERT INTO TBL_ATTENDANCE (ATT_SEQ, ST_COU_SEQ, STATE_SEQ, S_DATE) VALUES (78, 5, 1, TO_DATE('2017-08-10 08:50:22', 'YYYY-MM-DD HH24:MI:SS'));
INSERT INTO TBL_ATTENDANCE (ATT_SEQ, ST_COU_SEQ, STATE_SEQ, S_DATE) VALUES (79, 5, 4, TO_DATE('2017-08-10 18:20:22', 'YYYY-MM-DD HH24:MI:SS'));
INSERT INTO TBL_ATTENDANCE (ATT_SEQ, ST_COU_SEQ, STATE_SEQ, S_DATE) VALUES (80, 7, 1, TO_DATE('2017-08-10 08:50:00', 'YYYY-MM-DD HH24:MI:SS'));
INSERT INTO TBL_ATTENDANCE (ATT_SEQ, ST_COU_SEQ, STATE_SEQ, S_DATE) VALUES (81, 7, 3, TO_DATE('2017-08-10 11:05:00', 'YYYY-MM-DD HH24:MI:SS'));
INSERT INTO TBL_ATTENDANCE (ATT_SEQ, ST_COU_SEQ, STATE_SEQ, S_DATE) VALUES (82, 7, 3, TO_DATE('2017-08-10 13:00:00', 'YYYY-MM-DD HH24:MI:SS'));
INSERT INTO TBL_ATTENDANCE (ATT_SEQ, ST_COU_SEQ, STATE_SEQ, S_DATE) VALUES (83, 7, 2, TO_DATE('2017-08-10 17:05:00', 'YYYY-MM-DD HH24:MI:SS'));
INSERT INTO TBL_ATTENDANCE (ATT_SEQ, ST_COU_SEQ, STATE_SEQ, S_DATE) VALUES (84, 8, 1, TO_DATE('2017-08-10 09:00:00', 'YYYY-MM-DD HH24:MI:SS'));
INSERT INTO TBL_ATTENDANCE (ATT_SEQ, ST_COU_SEQ, STATE_SEQ, S_DATE) VALUES (85, 8, 2, TO_DATE('2017-08-10 17:05:00', 'YYYY-MM-DD HH24:MI:SS'));
INSERT INTO TBL_ATTENDANCE (ATT_SEQ, ST_COU_SEQ, STATE_SEQ, S_DATE) VALUES (86, 9, 1, TO_DATE('2017-08-10 09:30:00', 'YYYY-MM-DD HH24:MI:SS'));
INSERT INTO TBL_ATTENDANCE (ATT_SEQ, ST_COU_SEQ, STATE_SEQ, S_DATE) VALUES (87, 9, 3, TO_DATE('2017-08-10 11:05:00', 'YYYY-MM-DD HH24:MI:SS'));
INSERT INTO TBL_ATTENDANCE (ATT_SEQ, ST_COU_SEQ, STATE_SEQ, S_DATE) VALUES (88, 9, 3, TO_DATE('2017-08-10 13:00:00', 'YYYY-MM-DD HH24:MI:SS'));
INSERT INTO TBL_ATTENDANCE (ATT_SEQ, ST_COU_SEQ, STATE_SEQ, S_DATE) VALUES (89, 9, 4, TO_DATE('2017-08-10 18:05:00', 'YYYY-MM-DD HH24:MI:SS'));
INSERT INTO TBL_ATTENDANCE (ATT_SEQ, ST_COU_SEQ, STATE_SEQ, S_DATE) VALUES (90, 10, 1, TO_DATE('2017-08-10 08:45:00', 'YYYY-MM-DD HH24:MI:SS'));
INSERT INTO TBL_ATTENDANCE (ATT_SEQ, ST_COU_SEQ, STATE_SEQ, S_DATE) VALUES (91, 10, 4, TO_DATE('2017-08-10 18:02:00', 'YYYY-MM-DD HH24:MI:SS'));
INSERT INTO TBL_ATTENDANCE (ATT_SEQ, ST_COU_SEQ, STATE_SEQ, S_DATE) VALUES (92, 11, 1, TO_DATE('2017-08-10 08:52:00', 'YYYY-MM-DD HH24:MI:SS'));
INSERT INTO TBL_ATTENDANCE (ATT_SEQ, ST_COU_SEQ, STATE_SEQ, S_DATE) VALUES (93, 11, 4, TO_DATE('2017-08-10 18:30:00', 'YYYY-MM-DD HH24:MI:SS'));
INSERT INTO TBL_ATTENDANCE (ATT_SEQ, ST_COU_SEQ, STATE_SEQ, S_DATE) VALUES (94, 12, 1, TO_DATE('2017-08-10 09:02:00', 'YYYY-MM-DD HH24:MI:SS'));
INSERT INTO TBL_ATTENDANCE (ATT_SEQ, ST_COU_SEQ, STATE_SEQ, S_DATE) VALUES (95, 12, 4, TO_DATE('2017-08-10 18:01:00', 'YYYY-MM-DD HH24:MI:SS'));
INSERT INTO TBL_ATTENDANCE (ATT_SEQ, ST_COU_SEQ, STATE_SEQ, S_DATE) VALUES (96, 13, 1, TO_DATE('2017-08-10 08:43:15', 'YYYY-MM-DD HH24:MI:SS'));
INSERT INTO TBL_ATTENDANCE (ATT_SEQ, ST_COU_SEQ, STATE_SEQ, S_DATE) VALUES (97, 13, 2, TO_DATE('2017-08-10 15:15:15', 'YYYY-MM-DD HH24:MI:SS'));
INSERT INTO TBL_ATTENDANCE (ATT_SEQ, ST_COU_SEQ, STATE_SEQ, S_DATE) VALUES (98, 14, 1, TO_DATE('2017-08-10 09:05:32', 'YYYY-MM-DD HH24:MI:SS'));
INSERT INTO TBL_ATTENDANCE (ATT_SEQ, ST_COU_SEQ, STATE_SEQ, S_DATE) VALUES (99, 14, 4, TO_DATE('2017-08-10 18:02:54', 'YYYY-MM-DD HH24:MI:SS'));
INSERT INTO TBL_ATTENDANCE (ATT_SEQ, ST_COU_SEQ, STATE_SEQ, S_DATE) VALUES (100, 15, 1, TO_DATE('2017-08-10 08:55:22', 'YYYY-MM-DD HH24:MI:SS'));
INSERT INTO TBL_ATTENDANCE (ATT_SEQ, ST_COU_SEQ, STATE_SEQ, S_DATE) VALUES (101, 15, 4, TO_DATE('2017-08-10 18:15:45', 'YYYY-MM-DD HH24:MI:SS'));
INSERT INTO TBL_ATTENDANCE (ATT_SEQ, ST_COU_SEQ, STATE_SEQ, S_DATE) VALUES (102, 1, 1, TO_DATE('2017-08-11 08:20:00', 'YYYY-MM-DD HH24:MI:SS'));
INSERT INTO TBL_ATTENDANCE (ATT_SEQ, ST_COU_SEQ, STATE_SEQ, S_DATE) VALUES (103, 1, 3, TO_DATE('2017-08-11 15:23:00', 'YYYY-MM-DD HH24:MI:SS'));
INSERT INTO TBL_ATTENDANCE (ATT_SEQ, ST_COU_SEQ, STATE_SEQ, S_DATE) VALUES (104, 1, 3, TO_DATE('2017-08-11 17:20:00', 'YYYY-MM-DD HH24:MI:SS'));
INSERT INTO TBL_ATTENDANCE (ATT_SEQ, ST_COU_SEQ, STATE_SEQ, S_DATE) VALUES (105, 1, 4, TO_DATE('2017-08-11 20:10:00', 'YYYY-MM-DD HH24:MI:SS'));
INSERT INTO TBL_ATTENDANCE (ATT_SEQ, ST_COU_SEQ, STATE_SEQ, S_DATE) VALUES (106, 2, 1, TO_DATE('2017-08-11 08:24:00', 'YYYY-MM-DD HH24:MI:SS'));
INSERT INTO TBL_ATTENDANCE (ATT_SEQ, ST_COU_SEQ, STATE_SEQ, S_DATE) VALUES (107, 2, 3, TO_DATE('2017-08-11 15:23:00', 'YYYY-MM-DD HH24:MI:SS'));
INSERT INTO TBL_ATTENDANCE (ATT_SEQ, ST_COU_SEQ, STATE_SEQ, S_DATE) VALUES (108, 2, 3, TO_DATE('2017-08-11 18:22:00', 'YYYY-MM-DD HH24:MI:SS'));
INSERT INTO TBL_ATTENDANCE (ATT_SEQ, ST_COU_SEQ, STATE_SEQ, S_DATE) VALUES (109, 2, 4, TO_DATE('2017-08-11 18:12:00', 'YYYY-MM-DD HH24:MI:SS'));
INSERT INTO TBL_ATTENDANCE (ATT_SEQ, ST_COU_SEQ, STATE_SEQ, S_DATE) VALUES (110, 3, 1, TO_DATE('2017-08-11 09:05:00', 'YYYY-MM-DD HH24:MI:SS'));
INSERT INTO TBL_ATTENDANCE (ATT_SEQ, ST_COU_SEQ, STATE_SEQ, S_DATE) VALUES (111, 3, 3, TO_DATE('2017-08-11 15:03:00', 'YYYY-MM-DD HH24:MI:SS'));
INSERT INTO TBL_ATTENDANCE (ATT_SEQ, ST_COU_SEQ, STATE_SEQ, S_DATE) VALUES (112, 3, 3, TO_DATE('2017-08-11 18:55:00', 'YYYY-MM-DD HH24:MI:SS'));
INSERT INTO TBL_ATTENDANCE (ATT_SEQ, ST_COU_SEQ, STATE_SEQ, S_DATE) VALUES (113, 3, 4, TO_DATE('2017-08-11 17:13:00', 'YYYY-MM-DD HH24:MI:SS'));
INSERT INTO TBL_ATTENDANCE (ATT_SEQ, ST_COU_SEQ, STATE_SEQ, S_DATE) VALUES (114, 4, 1, TO_DATE('2017-08-11 08:50:22', 'YYYY-MM-DD HH24:MI:SS'));
INSERT INTO TBL_ATTENDANCE (ATT_SEQ, ST_COU_SEQ, STATE_SEQ, S_DATE) VALUES (115, 4, 3, TO_DATE('2017-08-11 14:20:22', 'YYYY-MM-DD HH24:MI:SS'));
INSERT INTO TBL_ATTENDANCE (ATT_SEQ, ST_COU_SEQ, STATE_SEQ, S_DATE) VALUES (116, 4, 3, TO_DATE('2017-08-11 15:20:22', 'YYYY-MM-DD HH24:MI:SS'));
INSERT INTO TBL_ATTENDANCE (ATT_SEQ, ST_COU_SEQ, STATE_SEQ, S_DATE) VALUES (117, 4, 4, TO_DATE('2017-08-11 18:20:22', 'YYYY-MM-DD HH24:MI:SS'));
INSERT INTO TBL_ATTENDANCE (ATT_SEQ, ST_COU_SEQ, STATE_SEQ, S_DATE) VALUES (118, 5, 1, TO_DATE('2017-08-11 10:20:22', 'YYYY-MM-DD HH24:MI:SS'));
INSERT INTO TBL_ATTENDANCE (ATT_SEQ, ST_COU_SEQ, STATE_SEQ, S_DATE) VALUES (119, 5, 2, TO_DATE('2017-08-11 14:20:22', 'YYYY-MM-DD HH24:MI:SS'));
INSERT INTO TBL_ATTENDANCE (ATT_SEQ, ST_COU_SEQ, STATE_SEQ, S_DATE) VALUES (120, 6, 1, TO_DATE('2017-08-11 08:50:22', 'YYYY-MM-DD HH24:MI:SS'));
INSERT INTO TBL_ATTENDANCE (ATT_SEQ, ST_COU_SEQ, STATE_SEQ, S_DATE) VALUES (121, 6, 4, TO_DATE('2017-08-11 18:20:22', 'YYYY-MM-DD HH24:MI:SS'));
INSERT INTO TBL_ATTENDANCE (ATT_SEQ, ST_COU_SEQ, STATE_SEQ, S_DATE) VALUES (122, 7, 1, TO_DATE('2017-08-11 09:30:00', 'YYYY-MM-DD HH24:MI:SS'));
INSERT INTO TBL_ATTENDANCE (ATT_SEQ, ST_COU_SEQ, STATE_SEQ, S_DATE) VALUES (123, 7, 2, TO_DATE('2017-08-11 17:05:00', 'YYYY-MM-DD HH24:MI:SS'));
INSERT INTO TBL_ATTENDANCE (ATT_SEQ, ST_COU_SEQ, STATE_SEQ, S_DATE) VALUES (124, 8, 1, TO_DATE('2017-08-11 08:50:00', 'YYYY-MM-DD HH24:MI:SS'));
INSERT INTO TBL_ATTENDANCE (ATT_SEQ, ST_COU_SEQ, STATE_SEQ, S_DATE) VALUES (125, 8, 3, TO_DATE('2017-08-11 11:05:00', 'YYYY-MM-DD HH24:MI:SS'));
INSERT INTO TBL_ATTENDANCE (ATT_SEQ, ST_COU_SEQ, STATE_SEQ, S_DATE) VALUES (126, 8, 3, TO_DATE('2017-08-11 13:00:00', 'YYYY-MM-DD HH24:MI:SS'));
INSERT INTO TBL_ATTENDANCE (ATT_SEQ, ST_COU_SEQ, STATE_SEQ, S_DATE) VALUES (127, 8, 4, TO_DATE('2017-08-11 18:05:00', 'YYYY-MM-DD HH24:MI:SS'));
INSERT INTO TBL_ATTENDANCE (ATT_SEQ, ST_COU_SEQ, STATE_SEQ, S_DATE) VALUES (128, 9, 1, TO_DATE('2017-08-11 09:00:00', 'YYYY-MM-DD HH24:MI:SS'));
INSERT INTO TBL_ATTENDANCE (ATT_SEQ, ST_COU_SEQ, STATE_SEQ, S_DATE) VALUES (129, 9, 4, TO_DATE('2017-08-11 18:05:00', 'YYYY-MM-DD HH24:MI:SS'));
INSERT INTO TBL_ATTENDANCE (ATT_SEQ, ST_COU_SEQ, STATE_SEQ, S_DATE) VALUES (130, 10, 1, TO_DATE('2017-08-11 08:43:00', 'YYYY-MM-DD HH24:MI:SS'));
INSERT INTO TBL_ATTENDANCE (ATT_SEQ, ST_COU_SEQ, STATE_SEQ, S_DATE) VALUES (131, 10, 4, TO_DATE('2017-08-11 18:09:00', 'YYYY-MM-DD HH24:MI:SS'));
INSERT INTO TBL_ATTENDANCE (ATT_SEQ, ST_COU_SEQ, STATE_SEQ, S_DATE) VALUES (132, 11, 1, TO_DATE('2017-08-11 11:24:00', 'YYYY-MM-DD HH24:MI:SS'));
INSERT INTO TBL_ATTENDANCE (ATT_SEQ, ST_COU_SEQ, STATE_SEQ, S_DATE) VALUES (133, 11, 4, TO_DATE('2017-08-11 18:40:00', 'YYYY-MM-DD HH24:MI:SS'));
INSERT INTO TBL_ATTENDANCE (ATT_SEQ, ST_COU_SEQ, STATE_SEQ, S_DATE) VALUES (134, 12, 1, TO_DATE('2017-08-11 09:00:00', 'YYYY-MM-DD HH24:MI:SS'));
INSERT INTO TBL_ATTENDANCE (ATT_SEQ, ST_COU_SEQ, STATE_SEQ, S_DATE) VALUES (135, 12, 3, TO_DATE('2017-08-11 11:52:00', 'YYYY-MM-DD HH24:MI:SS'));
INSERT INTO TBL_ATTENDANCE (ATT_SEQ, ST_COU_SEQ, STATE_SEQ, S_DATE) VALUES (136, 12, 3, TO_DATE('2017-08-11 12:50:00', 'YYYY-MM-DD HH24:MI:SS'));
INSERT INTO TBL_ATTENDANCE (ATT_SEQ, ST_COU_SEQ, STATE_SEQ, S_DATE) VALUES (137, 12, 4, TO_DATE('2017-08-11 18:02:00', 'YYYY-MM-DD HH24:MI:SS'));
INSERT INTO TBL_ATTENDANCE (ATT_SEQ, ST_COU_SEQ, STATE_SEQ, S_DATE) VALUES (138, 13, 1, TO_DATE('2017-08-11 08:43:15', 'YYYY-MM-DD HH24:MI:SS'));
INSERT INTO TBL_ATTENDANCE (ATT_SEQ, ST_COU_SEQ, STATE_SEQ, S_DATE) VALUES (139, 13, 2, TO_DATE('2017-08-11 15:15:15', 'YYYY-MM-DD HH24:MI:SS'));
INSERT INTO TBL_ATTENDANCE (ATT_SEQ, ST_COU_SEQ, STATE_SEQ, S_DATE) VALUES (140, 14, 1, TO_DATE('2017-08-11 08:59:32', 'YYYY-MM-DD HH24:MI:SS'));
INSERT INTO TBL_ATTENDANCE (ATT_SEQ, ST_COU_SEQ, STATE_SEQ, S_DATE) VALUES (141, 14, 4, TO_DATE('2017-08-11 19:02:54', 'YYYY-MM-DD HH24:MI:SS'));
INSERT INTO TBL_ATTENDANCE (ATT_SEQ, ST_COU_SEQ, STATE_SEQ, S_DATE) VALUES (142, 15, 1, TO_DATE('2017-08-11 09:22:32', 'YYYY-MM-DD HH24:MI:SS'));
INSERT INTO TBL_ATTENDANCE (ATT_SEQ, ST_COU_SEQ, STATE_SEQ, S_DATE) VALUES (143, 15, 4, TO_DATE('2017-08-11 18:15:13', 'YYYY-MM-DD HH24:MI:SS'));
INSERT INTO TBL_ATTENDANCE (ATT_SEQ, ST_COU_SEQ, STATE_SEQ, S_DATE) VALUES (144, 1, 1, TO_DATE('2017-08-14 08:40:00', 'YYYY-MM-DD HH24:MI:SS'));
INSERT INTO TBL_ATTENDANCE (ATT_SEQ, ST_COU_SEQ, STATE_SEQ, S_DATE) VALUES (145, 2, 1, TO_DATE('2017-08-14 09:40:00', 'YYYY-MM-DD HH24:MI:SS'));
INSERT INTO TBL_ATTENDANCE (ATT_SEQ, ST_COU_SEQ, STATE_SEQ, S_DATE) VALUES (146, 3, 1, TO_DATE('2017-08-14 10:34:00', 'YYYY-MM-DD HH24:MI:SS'));
INSERT INTO TBL_ATTENDANCE (ATT_SEQ, ST_COU_SEQ, STATE_SEQ, S_DATE) VALUES (147, 5, 1, TO_DATE('2017-08-14 08:50:22', 'YYYY-MM-DD HH24:MI:SS'));
INSERT INTO TBL_ATTENDANCE (ATT_SEQ, ST_COU_SEQ, STATE_SEQ, S_DATE) VALUES (148, 5, 3, TO_DATE('2017-08-14 14:20:22', 'YYYY-MM-DD HH24:MI:SS'));
INSERT INTO TBL_ATTENDANCE (ATT_SEQ, ST_COU_SEQ, STATE_SEQ, S_DATE) VALUES (149, 5, 3, TO_DATE('2017-08-14 15:20:22', 'YYYY-MM-DD HH24:MI:SS'));
INSERT INTO TBL_ATTENDANCE (ATT_SEQ, ST_COU_SEQ, STATE_SEQ, S_DATE) VALUES (150, 5, 4, TO_DATE('2017-08-14 18:20:22', 'YYYY-MM-DD HH24:MI:SS'));
INSERT INTO TBL_ATTENDANCE (ATT_SEQ, ST_COU_SEQ, STATE_SEQ, S_DATE) VALUES (151, 6, 1, TO_DATE('2017-08-14 10:20:22', 'YYYY-MM-DD HH24:MI:SS'));
INSERT INTO TBL_ATTENDANCE (ATT_SEQ, ST_COU_SEQ, STATE_SEQ, S_DATE) VALUES (152, 6, 4, TO_DATE('2017-08-14 18:20:22', 'YYYY-MM-DD HH24:MI:SS'));
INSERT INTO TBL_ATTENDANCE (ATT_SEQ, ST_COU_SEQ, STATE_SEQ, S_DATE) VALUES (153, 7, 1, TO_DATE('2017-08-14 09:00:00', 'YYYY-MM-DD HH24:MI:SS'));
INSERT INTO TBL_ATTENDANCE (ATT_SEQ, ST_COU_SEQ, STATE_SEQ, S_DATE) VALUES (154, 7, 2, TO_DATE('2017-08-14 17:05:00', 'YYYY-MM-DD HH24:MI:SS'));
INSERT INTO TBL_ATTENDANCE (ATT_SEQ, ST_COU_SEQ, STATE_SEQ, S_DATE) VALUES (155, 8, 1, TO_DATE('2017-08-14 09:30:00', 'YYYY-MM-DD HH24:MI:SS'));
INSERT INTO TBL_ATTENDANCE (ATT_SEQ, ST_COU_SEQ, STATE_SEQ, S_DATE) VALUES (156, 8, 3, TO_DATE('2017-08-14 11:05:00', 'YYYY-MM-DD HH24:MI:SS'));
INSERT INTO TBL_ATTENDANCE (ATT_SEQ, ST_COU_SEQ, STATE_SEQ, S_DATE) VALUES (157, 8, 3, TO_DATE('2017-08-14 13:00:00', 'YYYY-MM-DD HH24:MI:SS'));
INSERT INTO TBL_ATTENDANCE (ATT_SEQ, ST_COU_SEQ, STATE_SEQ, S_DATE) VALUES (158, 8, 4, TO_DATE('2017-08-14 18:05:00', 'YYYY-MM-DD HH24:MI:SS'));
INSERT INTO TBL_ATTENDANCE (ATT_SEQ, ST_COU_SEQ, STATE_SEQ, S_DATE) VALUES (159, 9, 1, TO_DATE('2017-08-14 09:00:00', 'YYYY-MM-DD HH24:MI:SS'));
INSERT INTO TBL_ATTENDANCE (ATT_SEQ, ST_COU_SEQ, STATE_SEQ, S_DATE) VALUES (160, 10, 1, TO_DATE('2017-08-14 09:04:00', 'YYYY-MM-DD HH24:MI:SS'));
INSERT INTO TBL_ATTENDANCE (ATT_SEQ, ST_COU_SEQ, STATE_SEQ, S_DATE) VALUES (161, 10, 2, TO_DATE('2017-08-14 15:20:00', 'YYYY-MM-DD HH24:MI:SS'));
INSERT INTO TBL_ATTENDANCE (ATT_SEQ, ST_COU_SEQ, STATE_SEQ, S_DATE) VALUES (162, 11, 1, TO_DATE('2017-08-14 09:00:00', 'YYYY-MM-DD HH24:MI:SS'));
INSERT INTO TBL_ATTENDANCE (ATT_SEQ, ST_COU_SEQ, STATE_SEQ, S_DATE) VALUES (163, 11, 4, TO_DATE('2017-08-14 18:47:00', 'YYYY-MM-DD HH24:MI:SS'));
INSERT INTO TBL_ATTENDANCE (ATT_SEQ, ST_COU_SEQ, STATE_SEQ, S_DATE) VALUES (164, 12, 1, TO_DATE('2017-08-14 08:35:00', 'YYYY-MM-DD HH24:MI:SS'));
INSERT INTO TBL_ATTENDANCE (ATT_SEQ, ST_COU_SEQ, STATE_SEQ, S_DATE) VALUES (165, 12, 4, TO_DATE('2017-08-14 20:08:00', 'YYYY-MM-DD HH24:MI:SS'));
INSERT INTO TBL_ATTENDANCE (ATT_SEQ, ST_COU_SEQ, STATE_SEQ, S_DATE) VALUES (166, 13, 1, TO_DATE('2017-08-14 09:09:09', 'YYYY-MM-DD HH24:MI:SS'));
INSERT INTO TBL_ATTENDANCE (ATT_SEQ, ST_COU_SEQ, STATE_SEQ, S_DATE) VALUES (167, 13, 4, TO_DATE('2017-08-14 18:15:00', 'YYYY-MM-DD HH24:MI:SS'));
INSERT INTO TBL_ATTENDANCE (ATT_SEQ, ST_COU_SEQ, STATE_SEQ, S_DATE) VALUES (168, 14, 1, TO_DATE('2017-08-14 09:33:12', 'YYYY-MM-DD HH24:MI:SS'));
INSERT INTO TBL_ATTENDANCE (ATT_SEQ, ST_COU_SEQ, STATE_SEQ, S_DATE) VALUES (169, 14, 4, TO_DATE('2017-08-14 18:02:54', 'YYYY-MM-DD HH24:MI:SS'));
INSERT INTO TBL_ATTENDANCE (ATT_SEQ, ST_COU_SEQ, STATE_SEQ, S_DATE) VALUES (170, 15, 1, TO_DATE('2017-08-14 08:57:55', 'YYYY-MM-DD HH24:MI:SS'));
INSERT INTO TBL_ATTENDANCE (ATT_SEQ, ST_COU_SEQ, STATE_SEQ, S_DATE) VALUES (171, 15, 4, TO_DATE('2017-08-14 18:35:52', 'YYYY-MM-DD HH24:MI:SS'));
INSERT INTO TBL_ATTENDANCE (ATT_SEQ, ST_COU_SEQ, STATE_SEQ, S_DATE) VALUES (172, 1, 1, TO_DATE('2017-08-15 09:40:00', 'YYYY-MM-DD HH24:MI:SS'));
INSERT INTO TBL_ATTENDANCE (ATT_SEQ, ST_COU_SEQ, STATE_SEQ, S_DATE) VALUES (173, 1, 3, TO_DATE('2017-08-15 15:40:00', 'YYYY-MM-DD HH24:MI:SS'));
INSERT INTO TBL_ATTENDANCE (ATT_SEQ, ST_COU_SEQ, STATE_SEQ, S_DATE) VALUES (174, 1, 3, TO_DATE('2017-08-15 16:40:00', 'YYYY-MM-DD HH24:MI:SS'));
INSERT INTO TBL_ATTENDANCE (ATT_SEQ, ST_COU_SEQ, STATE_SEQ, S_DATE) VALUES (175, 1, 4, TO_DATE('2017-08-15 08:40:00', 'YYYY-MM-DD HH24:MI:SS'));
INSERT INTO TBL_ATTENDANCE (ATT_SEQ, ST_COU_SEQ, STATE_SEQ, S_DATE) VALUES (176, 2, 1, TO_DATE('2017-08-15 09:30:00', 'YYYY-MM-DD HH24:MI:SS'));
INSERT INTO TBL_ATTENDANCE (ATT_SEQ, ST_COU_SEQ, STATE_SEQ, S_DATE) VALUES (177, 2, 3, TO_DATE('2017-08-15 15:30:00', 'YYYY-MM-DD HH24:MI:SS'));
INSERT INTO TBL_ATTENDANCE (ATT_SEQ, ST_COU_SEQ, STATE_SEQ, S_DATE) VALUES (178, 2, 3, TO_DATE('2017-08-15 16:30:00', 'YYYY-MM-DD HH24:MI:SS'));
INSERT INTO TBL_ATTENDANCE (ATT_SEQ, ST_COU_SEQ, STATE_SEQ, S_DATE) VALUES (179, 2, 4, TO_DATE('2017-08-15 08:30:00', 'YYYY-MM-DD HH24:MI:SS'));
INSERT INTO TBL_ATTENDANCE (ATT_SEQ, ST_COU_SEQ, STATE_SEQ, S_DATE) VALUES (180, 3, 1, TO_DATE('2017-08-15 09:10:00', 'YYYY-MM-DD HH24:MI:SS'));
INSERT INTO TBL_ATTENDANCE (ATT_SEQ, ST_COU_SEQ, STATE_SEQ, S_DATE) VALUES (181, 3, 3, TO_DATE('2017-08-15 15:10:00', 'YYYY-MM-DD HH24:MI:SS'));
INSERT INTO TBL_ATTENDANCE (ATT_SEQ, ST_COU_SEQ, STATE_SEQ, S_DATE) VALUES (182, 3, 3, TO_DATE('2017-08-15 16:10:00', 'YYYY-MM-DD HH24:MI:SS'));
INSERT INTO TBL_ATTENDANCE (ATT_SEQ, ST_COU_SEQ, STATE_SEQ, S_DATE) VALUES (183, 3, 4, TO_DATE('2017-08-15 08:10:00', 'YYYY-MM-DD HH24:MI:SS'));
INSERT INTO TBL_ATTENDANCE (ATT_SEQ, ST_COU_SEQ, STATE_SEQ, S_DATE) VALUES (184, 5, 1, TO_DATE('2017-08-15 10:20:22', 'YYYY-MM-DD HH24:MI:SS'));
INSERT INTO TBL_ATTENDANCE (ATT_SEQ, ST_COU_SEQ, STATE_SEQ, S_DATE) VALUES (185, 5, 4, TO_DATE('2017-08-15 18:20:22', 'YYYY-MM-DD HH24:MI:SS'));
INSERT INTO TBL_ATTENDANCE (ATT_SEQ, ST_COU_SEQ, STATE_SEQ, S_DATE) VALUES (186, 6, 1, TO_DATE('2017-08-15 08:50:22', 'YYYY-MM-DD HH24:MI:SS'));
INSERT INTO TBL_ATTENDANCE (ATT_SEQ, ST_COU_SEQ, STATE_SEQ, S_DATE) VALUES (187, 6, 2, TO_DATE('2017-08-15 14:20:22', 'YYYY-MM-DD HH24:MI:SS'));
INSERT INTO TBL_ATTENDANCE (ATT_SEQ, ST_COU_SEQ, STATE_SEQ, S_DATE) VALUES (188, 7, 1, TO_DATE('2017-08-15 08:50:00', 'YYYY-MM-DD HH24:MI:SS'));
INSERT INTO TBL_ATTENDANCE (ATT_SEQ, ST_COU_SEQ, STATE_SEQ, S_DATE) VALUES (189, 7, 3, TO_DATE('2017-08-15 11:05:00', 'YYYY-MM-DD HH24:MI:SS'));
INSERT INTO TBL_ATTENDANCE (ATT_SEQ, ST_COU_SEQ, STATE_SEQ, S_DATE) VALUES (190, 7, 3, TO_DATE('2017-08-15 13:00:00', 'YYYY-MM-DD HH24:MI:SS'));
INSERT INTO TBL_ATTENDANCE (ATT_SEQ, ST_COU_SEQ, STATE_SEQ, S_DATE) VALUES (191, 7, 4, TO_DATE('2017-08-15 18:05:00', 'YYYY-MM-DD HH24:MI:SS'));
INSERT INTO TBL_ATTENDANCE (ATT_SEQ, ST_COU_SEQ, STATE_SEQ, S_DATE) VALUES (192, 8, 1, TO_DATE('2017-08-15 09:00:00', 'YYYY-MM-DD HH24:MI:SS'));
INSERT INTO TBL_ATTENDANCE (ATT_SEQ, ST_COU_SEQ, STATE_SEQ, S_DATE) VALUES (193, 9, 1, TO_DATE('2017-08-15 09:30:00', 'YYYY-MM-DD HH24:MI:SS'));
INSERT INTO TBL_ATTENDANCE (ATT_SEQ, ST_COU_SEQ, STATE_SEQ, S_DATE) VALUES (194, 9, 3, TO_DATE('2017-08-15 11:05:00', 'YYYY-MM-DD HH24:MI:SS'));
INSERT INTO TBL_ATTENDANCE (ATT_SEQ, ST_COU_SEQ, STATE_SEQ, S_DATE) VALUES (195, 9, 3, TO_DATE('2017-08-15 13:00:00', 'YYYY-MM-DD HH24:MI:SS'));
INSERT INTO TBL_ATTENDANCE (ATT_SEQ, ST_COU_SEQ, STATE_SEQ, S_DATE) VALUES (196, 9, 2, TO_DATE('2017-08-15 17:05:00', 'YYYY-MM-DD HH24:MI:SS'));
INSERT INTO TBL_ATTENDANCE (ATT_SEQ, ST_COU_SEQ, STATE_SEQ, S_DATE) VALUES (197, 10, 1, TO_DATE('2017-08-15 08:02:00', 'YYYY-MM-DD HH24:MI:SS'));
INSERT INTO TBL_ATTENDANCE (ATT_SEQ, ST_COU_SEQ, STATE_SEQ, S_DATE) VALUES (198, 10, 4, TO_DATE('2017-08-15 18:18:00', 'YYYY-MM-DD HH24:MI:SS'));
INSERT INTO TBL_ATTENDANCE (ATT_SEQ, ST_COU_SEQ, STATE_SEQ, S_DATE) VALUES (199, 11, 1, TO_DATE('2017-08-15 08:55:00', 'YYYY-MM-DD HH24:MI:SS'));
INSERT INTO TBL_ATTENDANCE (ATT_SEQ, ST_COU_SEQ, STATE_SEQ, S_DATE) VALUES (200, 11, 4, TO_DATE('2017-08-15 19:21:00', 'YYYY-MM-DD HH24:MI:SS'));
INSERT INTO TBL_ATTENDANCE (ATT_SEQ, ST_COU_SEQ, STATE_SEQ, S_DATE) VALUES (201, 12, 1, TO_DATE('2017-08-15 09:05:00', 'YYYY-MM-DD HH24:MI:SS'));
INSERT INTO TBL_ATTENDANCE (ATT_SEQ, ST_COU_SEQ, STATE_SEQ, S_DATE) VALUES (202, 12, 4, TO_DATE('2017-08-15 18:01:00', 'YYYY-MM-DD HH24:MI:SS'));
INSERT INTO TBL_ATTENDANCE (ATT_SEQ, ST_COU_SEQ, STATE_SEQ, S_DATE) VALUES (203, 13, 1, TO_DATE('2017-08-15 08:49:10', 'YYYY-MM-DD HH24:MI:SS'));
INSERT INTO TBL_ATTENDANCE (ATT_SEQ, ST_COU_SEQ, STATE_SEQ, S_DATE) VALUES (204, 13, 4, TO_DATE('2017-08-15 18:55:00', 'YYYY-MM-DD HH24:MI:SS'));
INSERT INTO TBL_ATTENDANCE (ATT_SEQ, ST_COU_SEQ, STATE_SEQ, S_DATE) VALUES (205, 14, 1, TO_DATE('2017-08-15 09:27:32', 'YYYY-MM-DD HH24:MI:SS'));
INSERT INTO TBL_ATTENDANCE (ATT_SEQ, ST_COU_SEQ, STATE_SEQ, S_DATE) VALUES (206, 14, 4, TO_DATE('2017-08-15 18:52:54', 'YYYY-MM-DD HH24:MI:SS'));
INSERT INTO TBL_ATTENDANCE (ATT_SEQ, ST_COU_SEQ, STATE_SEQ, S_DATE) VALUES (207, 15, 1, TO_DATE('2017-08-15 08:15:42', 'YYYY-MM-DD HH24:MI:SS'));
INSERT INTO TBL_ATTENDANCE (ATT_SEQ, ST_COU_SEQ, STATE_SEQ, S_DATE) VALUES (208, 15, 4, TO_DATE('2017-08-15 18:50:15', 'YYYY-MM-DD HH24:MI:SS'));
INSERT INTO TBL_ATTENDANCE (ATT_SEQ, ST_COU_SEQ, STATE_SEQ, S_DATE) VALUES (209, 1, 1, TO_DATE('2017-08-16 10:21:00', 'YYYY-MM-DD HH24:MI:SS'));
INSERT INTO TBL_ATTENDANCE (ATT_SEQ, ST_COU_SEQ, STATE_SEQ, S_DATE) VALUES (210, 1, 2, TO_DATE('2017-08-16 14:40:00', 'YYYY-MM-DD HH24:MI:SS'));
INSERT INTO TBL_ATTENDANCE (ATT_SEQ, ST_COU_SEQ, STATE_SEQ, S_DATE) VALUES (211, 2, 1, TO_DATE('2017-08-16 11:21:00', 'YYYY-MM-DD HH24:MI:SS'));
INSERT INTO TBL_ATTENDANCE (ATT_SEQ, ST_COU_SEQ, STATE_SEQ, S_DATE) VALUES (212, 2, 2, TO_DATE('2017-08-16 16:40:00', 'YYYY-MM-DD HH24:MI:SS'));
INSERT INTO TBL_ATTENDANCE (ATT_SEQ, ST_COU_SEQ, STATE_SEQ, S_DATE) VALUES (213, 3, 1, TO_DATE('2017-08-16 09:42:00', 'YYYY-MM-DD HH24:MI:SS'));
INSERT INTO TBL_ATTENDANCE (ATT_SEQ, ST_COU_SEQ, STATE_SEQ, S_DATE) VALUES (214, 3, 2, TO_DATE('2017-08-16 15:17:00', 'YYYY-MM-DD HH24:MI:SS'));
INSERT INTO TBL_ATTENDANCE (ATT_SEQ, ST_COU_SEQ, STATE_SEQ, S_DATE) VALUES (215, 4, 1, TO_DATE('2017-08-16 10:20:22', 'YYYY-MM-DD HH24:MI:SS'));
INSERT INTO TBL_ATTENDANCE (ATT_SEQ, ST_COU_SEQ, STATE_SEQ, S_DATE) VALUES (216, 4, 4, TO_DATE('2017-08-16 18:20:22', 'YYYY-MM-DD HH24:MI:SS'));
INSERT INTO TBL_ATTENDANCE (ATT_SEQ, ST_COU_SEQ, STATE_SEQ, S_DATE) VALUES (217, 5, 1, TO_DATE('2017-08-16 08:50:22', 'YYYY-MM-DD HH24:MI:SS'));
INSERT INTO TBL_ATTENDANCE (ATT_SEQ, ST_COU_SEQ, STATE_SEQ, S_DATE) VALUES (218, 5, 2, TO_DATE('2017-08-16 14:20:22', 'YYYY-MM-DD HH24:MI:SS'));
INSERT INTO TBL_ATTENDANCE (ATT_SEQ, ST_COU_SEQ, STATE_SEQ, S_DATE) VALUES (219, 6, 1, TO_DATE('2017-08-16 08:50:22', 'YYYY-MM-DD HH24:MI:SS'));
INSERT INTO TBL_ATTENDANCE (ATT_SEQ, ST_COU_SEQ, STATE_SEQ, S_DATE) VALUES (220, 6, 4, TO_DATE('2017-08-16 18:20:22', 'YYYY-MM-DD HH24:MI:SS'));
INSERT INTO TBL_ATTENDANCE (ATT_SEQ, ST_COU_SEQ, STATE_SEQ, S_DATE) VALUES (221, 7, 1, TO_DATE('2017-08-16 09:30:00', 'YYYY-MM-DD HH24:MI:SS'));
INSERT INTO TBL_ATTENDANCE (ATT_SEQ, ST_COU_SEQ, STATE_SEQ, S_DATE) VALUES (222, 7, 3, TO_DATE('2017-08-16 11:05:00', 'YYYY-MM-DD HH24:MI:SS'));
INSERT INTO TBL_ATTENDANCE (ATT_SEQ, ST_COU_SEQ, STATE_SEQ, S_DATE) VALUES (223, 7, 3, TO_DATE('2017-08-16 13:00:00', 'YYYY-MM-DD HH24:MI:SS'));
INSERT INTO TBL_ATTENDANCE (ATT_SEQ, ST_COU_SEQ, STATE_SEQ, S_DATE) VALUES (224, 7, 2, TO_DATE('2017-08-16 17:05:00', 'YYYY-MM-DD HH24:MI:SS'));
INSERT INTO TBL_ATTENDANCE (ATT_SEQ, ST_COU_SEQ, STATE_SEQ, S_DATE) VALUES (225, 8, 1, TO_DATE('2017-08-16 09:30:00', 'YYYY-MM-DD HH24:MI:SS'));
INSERT INTO TBL_ATTENDANCE (ATT_SEQ, ST_COU_SEQ, STATE_SEQ, S_DATE) VALUES (226, 8, 2, TO_DATE('2017-08-16 17:05:00', 'YYYY-MM-DD HH24:MI:SS'));
INSERT INTO TBL_ATTENDANCE (ATT_SEQ, ST_COU_SEQ, STATE_SEQ, S_DATE) VALUES (227, 9, 1, TO_DATE('2017-08-16 09:00:00', 'YYYY-MM-DD HH24:MI:SS'));
INSERT INTO TBL_ATTENDANCE (ATT_SEQ, ST_COU_SEQ, STATE_SEQ, S_DATE) VALUES (228, 9, 2, TO_DATE('2017-08-16 17:05:00', 'YYYY-MM-DD HH24:MI:SS'));
INSERT INTO TBL_ATTENDANCE (ATT_SEQ, ST_COU_SEQ, STATE_SEQ, S_DATE) VALUES (229, 10, 1, TO_DATE('2017-08-16 09:00:00', 'YYYY-MM-DD HH24:MI:SS'));
INSERT INTO TBL_ATTENDANCE (ATT_SEQ, ST_COU_SEQ, STATE_SEQ, S_DATE) VALUES (230, 10, 4, TO_DATE('2017-08-16 18:00:00', 'YYYY-MM-DD HH24:MI:SS'));
INSERT INTO TBL_ATTENDANCE (ATT_SEQ, ST_COU_SEQ, STATE_SEQ, S_DATE) VALUES (231, 11, 1, TO_DATE('2017-08-16 09:00:00', 'YYYY-MM-DD HH24:MI:SS'));
INSERT INTO TBL_ATTENDANCE (ATT_SEQ, ST_COU_SEQ, STATE_SEQ, S_DATE) VALUES (232, 11, 4, TO_DATE('2017-08-16 18:00:00', 'YYYY-MM-DD HH24:MI:SS'));
INSERT INTO TBL_ATTENDANCE (ATT_SEQ, ST_COU_SEQ, STATE_SEQ, S_DATE) VALUES (233, 12, 1, TO_DATE('2017-08-16 09:04:00', 'YYYY-MM-DD HH24:MI:SS'));
INSERT INTO TBL_ATTENDANCE (ATT_SEQ, ST_COU_SEQ, STATE_SEQ, S_DATE) VALUES (234, 12, 4, TO_DATE('2017-08-16 17:01:00', 'YYYY-MM-DD HH24:MI:SS'));
INSERT INTO TBL_ATTENDANCE (ATT_SEQ, ST_COU_SEQ, STATE_SEQ, S_DATE) VALUES (235, 13, 1, TO_DATE('2017-08-16 08:47:00', 'YYYY-MM-DD HH24:MI:SS'));
INSERT INTO TBL_ATTENDANCE (ATT_SEQ, ST_COU_SEQ, STATE_SEQ, S_DATE) VALUES (236, 13, 4, TO_DATE('2017-08-16 18:13:00', 'YYYY-MM-DD HH24:MI:SS'));
INSERT INTO TBL_ATTENDANCE (ATT_SEQ, ST_COU_SEQ, STATE_SEQ, S_DATE) VALUES (237, 14, 1, TO_DATE('2017-08-16 08:34:42', 'YYYY-MM-DD HH24:MI:SS'));
INSERT INTO TBL_ATTENDANCE (ATT_SEQ, ST_COU_SEQ, STATE_SEQ, S_DATE) VALUES (238, 14, 4, TO_DATE('2017-08-16 18:48:18', 'YYYY-MM-DD HH24:MI:SS'));
INSERT INTO TBL_ATTENDANCE (ATT_SEQ, ST_COU_SEQ, STATE_SEQ, S_DATE) VALUES (239, 15, 1, TO_DATE('2017-08-16 09:22:02', 'YYYY-MM-DD HH24:MI:SS'));
INSERT INTO TBL_ATTENDANCE (ATT_SEQ, ST_COU_SEQ, STATE_SEQ, S_DATE) VALUES (240, 15, 4, TO_DATE('2017-08-16 18:25:05', 'YYYY-MM-DD HH24:MI:SS'));
INSERT INTO TBL_ATTENDANCE (ATT_SEQ, ST_COU_SEQ, STATE_SEQ, S_DATE) VALUES (241, 1, 1, TO_DATE('2017-08-17 09:41:00', 'YYYY-MM-DD HH24:MI:SS'));
INSERT INTO TBL_ATTENDANCE (ATT_SEQ, ST_COU_SEQ, STATE_SEQ, S_DATE) VALUES (242, 1, 3, TO_DATE('2017-08-17 10:20:00', 'YYYY-MM-DD HH24:MI:SS'));
INSERT INTO TBL_ATTENDANCE (ATT_SEQ, ST_COU_SEQ, STATE_SEQ, S_DATE) VALUES (243, 1, 3, TO_DATE('2017-08-17 13:00:00', 'YYYY-MM-DD HH24:MI:SS'));
INSERT INTO TBL_ATTENDANCE (ATT_SEQ, ST_COU_SEQ, STATE_SEQ, S_DATE) VALUES (244, 1, 2, TO_DATE('2017-08-17 16:40:00', 'YYYY-MM-DD HH24:MI:SS'));
INSERT INTO TBL_ATTENDANCE (ATT_SEQ, ST_COU_SEQ, STATE_SEQ, S_DATE) VALUES (245, 2, 1, TO_DATE('2017-08-17 09:22:00', 'YYYY-MM-DD HH24:MI:SS'));
INSERT INTO TBL_ATTENDANCE (ATT_SEQ, ST_COU_SEQ, STATE_SEQ, S_DATE) VALUES (246, 2, 3, TO_DATE('2017-08-17 11:20:00', 'YYYY-MM-DD HH24:MI:SS'));
INSERT INTO TBL_ATTENDANCE (ATT_SEQ, ST_COU_SEQ, STATE_SEQ, S_DATE) VALUES (247, 2, 3, TO_DATE('2017-08-17 14:00:00', 'YYYY-MM-DD HH24:MI:SS'));
INSERT INTO TBL_ATTENDANCE (ATT_SEQ, ST_COU_SEQ, STATE_SEQ, S_DATE) VALUES (248, 2, 2, TO_DATE('2017-08-17 17:40:00', 'YYYY-MM-DD HH24:MI:SS'));
INSERT INTO TBL_ATTENDANCE (ATT_SEQ, ST_COU_SEQ, STATE_SEQ, S_DATE) VALUES (249, 3, 1, TO_DATE('2017-08-17 09:12:00', 'YYYY-MM-DD HH24:MI:SS'));
INSERT INTO TBL_ATTENDANCE (ATT_SEQ, ST_COU_SEQ, STATE_SEQ, S_DATE) VALUES (250, 3, 3, TO_DATE('2017-08-17 15:10:00', 'YYYY-MM-DD HH24:MI:SS'));
INSERT INTO TBL_ATTENDANCE (ATT_SEQ, ST_COU_SEQ, STATE_SEQ, S_DATE) VALUES (251, 3, 3, TO_DATE('2017-08-17 16:20:00', 'YYYY-MM-DD HH24:MI:SS'));
INSERT INTO TBL_ATTENDANCE (ATT_SEQ, ST_COU_SEQ, STATE_SEQ, S_DATE) VALUES (252, 3, 2, TO_DATE('2017-08-17 17:50:00', 'YYYY-MM-DD HH24:MI:SS'));
INSERT INTO TBL_ATTENDANCE (ATT_SEQ, ST_COU_SEQ, STATE_SEQ, S_DATE) VALUES (253, 4, 1, TO_DATE('2017-08-17 08:20:22', 'YYYY-MM-DD HH24:MI:SS'));
INSERT INTO TBL_ATTENDANCE (ATT_SEQ, ST_COU_SEQ, STATE_SEQ, S_DATE) VALUES (254, 4, 4, TO_DATE('2017-08-17 18:20:22', 'YYYY-MM-DD HH24:MI:SS'));
INSERT INTO TBL_ATTENDANCE (ATT_SEQ, ST_COU_SEQ, STATE_SEQ, S_DATE) VALUES (255, 5, 1, TO_DATE('2017-08-17 08:20:22', 'YYYY-MM-DD HH24:MI:SS'));
INSERT INTO TBL_ATTENDANCE (ATT_SEQ, ST_COU_SEQ, STATE_SEQ, S_DATE) VALUES (256, 5, 4, TO_DATE('2017-08-17 18:20:22', 'YYYY-MM-DD HH24:MI:SS'));
INSERT INTO TBL_ATTENDANCE (ATT_SEQ, ST_COU_SEQ, STATE_SEQ, S_DATE) VALUES (257, 6, 1, TO_DATE('2017-08-17 08:20:22', 'YYYY-MM-DD HH24:MI:SS'));
INSERT INTO TBL_ATTENDANCE (ATT_SEQ, ST_COU_SEQ, STATE_SEQ, S_DATE) VALUES (258, 6, 4, TO_DATE('2017-08-17 18:20:22', 'YYYY-MM-DD HH24:MI:SS'));
INSERT INTO TBL_ATTENDANCE (ATT_SEQ, ST_COU_SEQ, STATE_SEQ, S_DATE) VALUES (259, 7, 1, TO_DATE('2017-08-17 09:00:00', 'YYYY-MM-DD HH24:MI:SS'));
INSERT INTO TBL_ATTENDANCE (ATT_SEQ, ST_COU_SEQ, STATE_SEQ, S_DATE) VALUES (260, 8, 1, TO_DATE('2017-08-17 08:50:00', 'YYYY-MM-DD HH24:MI:SS'));
INSERT INTO TBL_ATTENDANCE (ATT_SEQ, ST_COU_SEQ, STATE_SEQ, S_DATE) VALUES (261, 8, 3, TO_DATE('2017-08-17 11:05:00', 'YYYY-MM-DD HH24:MI:SS'));
INSERT INTO TBL_ATTENDANCE (ATT_SEQ, ST_COU_SEQ, STATE_SEQ, S_DATE) VALUES (262, 8, 3, TO_DATE('2017-08-17 13:00:00', 'YYYY-MM-DD HH24:MI:SS'));
INSERT INTO TBL_ATTENDANCE (ATT_SEQ, ST_COU_SEQ, STATE_SEQ, S_DATE) VALUES (263, 8, 2, TO_DATE('2017-08-17 17:05:00', 'YYYY-MM-DD HH24:MI:SS'));
INSERT INTO TBL_ATTENDANCE (ATT_SEQ, ST_COU_SEQ, STATE_SEQ, S_DATE) VALUES (264, 9, 1, TO_DATE('2017-08-17 09:30:00', 'YYYY-MM-DD HH24:MI:SS'));
INSERT INTO TBL_ATTENDANCE (ATT_SEQ, ST_COU_SEQ, STATE_SEQ, S_DATE) VALUES (265, 9, 4, TO_DATE('2017-08-17 18:05:00', 'YYYY-MM-DD HH24:MI:SS'));
INSERT INTO TBL_ATTENDANCE (ATT_SEQ, ST_COU_SEQ, STATE_SEQ, S_DATE) VALUES (266, 10, 1, TO_DATE('2017-08-17 13:43:00', 'YYYY-MM-DD HH24:MI:SS'));
INSERT INTO TBL_ATTENDANCE (ATT_SEQ, ST_COU_SEQ, STATE_SEQ, S_DATE) VALUES (267, 10, 4, TO_DATE('2017-08-17 18:01:00', 'YYYY-MM-DD HH24:MI:SS'));
INSERT INTO TBL_ATTENDANCE (ATT_SEQ, ST_COU_SEQ, STATE_SEQ, S_DATE) VALUES (268, 11, 1, TO_DATE('2017-08-17 09:00:00', 'YYYY-MM-DD HH24:MI:SS'));
INSERT INTO TBL_ATTENDANCE (ATT_SEQ, ST_COU_SEQ, STATE_SEQ, S_DATE) VALUES (269, 11, 4, TO_DATE('2017-08-17 18:00:00', 'YYYY-MM-DD HH24:MI:SS'));
INSERT INTO TBL_ATTENDANCE (ATT_SEQ, ST_COU_SEQ, STATE_SEQ, S_DATE) VALUES (270, 12, 1, TO_DATE('2017-08-17 08:12:00', 'YYYY-MM-DD HH24:MI:SS'));
INSERT INTO TBL_ATTENDANCE (ATT_SEQ, ST_COU_SEQ, STATE_SEQ, S_DATE) VALUES (271, 12, 4, TO_DATE('2017-08-17 18:36:00', 'YYYY-MM-DD HH24:MI:SS'));
INSERT INTO TBL_ATTENDANCE (ATT_SEQ, ST_COU_SEQ, STATE_SEQ, S_DATE) VALUES (272, 13, 1, TO_DATE('2017-08-17 08:25:40', 'YYYY-MM-DD HH24:MI:SS'));
INSERT INTO TBL_ATTENDANCE (ATT_SEQ, ST_COU_SEQ, STATE_SEQ, S_DATE) VALUES (273, 13, 4, TO_DATE('2017-08-17 18:01:00', 'YYYY-MM-DD HH24:MI:SS'));
INSERT INTO TBL_ATTENDANCE (ATT_SEQ, ST_COU_SEQ, STATE_SEQ, S_DATE) VALUES (274, 14, 1, TO_DATE('2017-08-17 09:10:22', 'YYYY-MM-DD HH24:MI:SS'));
INSERT INTO TBL_ATTENDANCE (ATT_SEQ, ST_COU_SEQ, STATE_SEQ, S_DATE) VALUES (275, 14, 4, TO_DATE('2017-08-17 18:11:54', 'YYYY-MM-DD HH24:MI:SS'));
INSERT INTO TBL_ATTENDANCE (ATT_SEQ, ST_COU_SEQ, STATE_SEQ, S_DATE) VALUES (276, 15, 1, TO_DATE('2017-08-17 08:46:12', 'YYYY-MM-DD HH24:MI:SS'));
INSERT INTO TBL_ATTENDANCE (ATT_SEQ, ST_COU_SEQ, STATE_SEQ, S_DATE) VALUES (277, 15, 4, TO_DATE('2017-08-17 18:32:52', 'YYYY-MM-DD HH24:MI:SS'));
INSERT INTO TBL_ATTENDANCE (ATT_SEQ, ST_COU_SEQ, STATE_SEQ, S_DATE) VALUES (278, 1, 1, TO_DATE('2017-08-18 08:41:00', 'YYYY-MM-DD HH24:MI:SS'));
INSERT INTO TBL_ATTENDANCE (ATT_SEQ, ST_COU_SEQ, STATE_SEQ, S_DATE) VALUES (279, 1, 3, TO_DATE('2017-08-18 10:20:00', 'YYYY-MM-DD HH24:MI:SS'));
INSERT INTO TBL_ATTENDANCE (ATT_SEQ, ST_COU_SEQ, STATE_SEQ, S_DATE) VALUES (280, 1, 3, TO_DATE('2017-08-18 13:00:00', 'YYYY-MM-DD HH24:MI:SS'));
INSERT INTO TBL_ATTENDANCE (ATT_SEQ, ST_COU_SEQ, STATE_SEQ, S_DATE) VALUES (281, 1, 2, TO_DATE('2017-08-18 16:40:00', 'YYYY-MM-DD HH24:MI:SS'));
INSERT INTO TBL_ATTENDANCE (ATT_SEQ, ST_COU_SEQ, STATE_SEQ, S_DATE) VALUES (282, 2, 1, TO_DATE('2017-08-18 08:22:00', 'YYYY-MM-DD HH24:MI:SS'));
INSERT INTO TBL_ATTENDANCE (ATT_SEQ, ST_COU_SEQ, STATE_SEQ, S_DATE) VALUES (283, 2, 3, TO_DATE('2017-08-18 11:20:00', 'YYYY-MM-DD HH24:MI:SS'));
INSERT INTO TBL_ATTENDANCE (ATT_SEQ, ST_COU_SEQ, STATE_SEQ, S_DATE) VALUES (284, 2, 3, TO_DATE('2017-08-18 14:00:00', 'YYYY-MM-DD HH24:MI:SS'));
INSERT INTO TBL_ATTENDANCE (ATT_SEQ, ST_COU_SEQ, STATE_SEQ, S_DATE) VALUES (285, 2, 2, TO_DATE('2017-08-18 17:40:00', 'YYYY-MM-DD HH24:MI:SS'));
INSERT INTO TBL_ATTENDANCE (ATT_SEQ, ST_COU_SEQ, STATE_SEQ, S_DATE) VALUES (286, 3, 1, TO_DATE('2017-08-18 08:12:00', 'YYYY-MM-DD HH24:MI:SS'));
INSERT INTO TBL_ATTENDANCE (ATT_SEQ, ST_COU_SEQ, STATE_SEQ, S_DATE) VALUES (287, 3, 3, TO_DATE('2017-08-18 15:10:00', 'YYYY-MM-DD HH24:MI:SS'));
INSERT INTO TBL_ATTENDANCE (ATT_SEQ, ST_COU_SEQ, STATE_SEQ, S_DATE) VALUES (288, 3, 3, TO_DATE('2017-08-18 16:20:00', 'YYYY-MM-DD HH24:MI:SS'));
INSERT INTO TBL_ATTENDANCE (ATT_SEQ, ST_COU_SEQ, STATE_SEQ, S_DATE) VALUES (289, 3, 2, TO_DATE('2017-08-18 17:50:00', 'YYYY-MM-DD HH24:MI:SS'));
INSERT INTO TBL_ATTENDANCE (ATT_SEQ, ST_COU_SEQ, STATE_SEQ, S_DATE) VALUES (290, 4, 1, TO_DATE('2017-08-18 08:20:22', 'YYYY-MM-DD HH24:MI:SS'));
INSERT INTO TBL_ATTENDANCE (ATT_SEQ, ST_COU_SEQ, STATE_SEQ, S_DATE) VALUES (291, 6, 1, TO_DATE('2017-08-18 10:20:22', 'YYYY-MM-DD HH24:MI:SS'));
INSERT INTO TBL_ATTENDANCE (ATT_SEQ, ST_COU_SEQ, STATE_SEQ, S_DATE) VALUES (292, 6, 3, TO_DATE('2017-08-18 14:20:22', 'YYYY-MM-DD HH24:MI:SS'));
INSERT INTO TBL_ATTENDANCE (ATT_SEQ, ST_COU_SEQ, STATE_SEQ, S_DATE) VALUES (293, 6, 3, TO_DATE('2017-08-18 15:20:22', 'YYYY-MM-DD HH24:MI:SS'));
INSERT INTO TBL_ATTENDANCE (ATT_SEQ, ST_COU_SEQ, STATE_SEQ, S_DATE) VALUES (294, 6, 4, TO_DATE('2017-08-18 18:20:22', 'YYYY-MM-DD HH24:MI:SS'));
INSERT INTO TBL_ATTENDANCE (ATT_SEQ, ST_COU_SEQ, STATE_SEQ, S_DATE) VALUES (295, 8, 1, TO_DATE('2017-08-18 09:30:00', 'YYYY-MM-DD HH24:MI:SS'));
INSERT INTO TBL_ATTENDANCE (ATT_SEQ, ST_COU_SEQ, STATE_SEQ, S_DATE) VALUES (296, 8, 3, TO_DATE('2017-08-18 11:05:00', 'YYYY-MM-DD HH24:MI:SS'));
INSERT INTO TBL_ATTENDANCE (ATT_SEQ, ST_COU_SEQ, STATE_SEQ, S_DATE) VALUES (297, 8, 3, TO_DATE('2017-08-18 13:00:00', 'YYYY-MM-DD HH24:MI:SS'));
INSERT INTO TBL_ATTENDANCE (ATT_SEQ, ST_COU_SEQ, STATE_SEQ, S_DATE) VALUES (298, 8, 2, TO_DATE('2017-08-18 17:05:00', 'YYYY-MM-DD HH24:MI:SS'));
INSERT INTO TBL_ATTENDANCE (ATT_SEQ, ST_COU_SEQ, STATE_SEQ, S_DATE) VALUES (299, 9, 1, TO_DATE('2017-08-18 09:30:00', 'YYYY-MM-DD HH24:MI:SS'));
INSERT INTO TBL_ATTENDANCE (ATT_SEQ, ST_COU_SEQ, STATE_SEQ, S_DATE) VALUES (300, 9, 2, TO_DATE('2017-08-18 17:05:00', 'YYYY-MM-DD HH24:MI:SS'));
INSERT INTO TBL_ATTENDANCE (ATT_SEQ, ST_COU_SEQ, STATE_SEQ, S_DATE) VALUES (301, 10, 1, TO_DATE('2017-08-18 09:01:00', 'YYYY-MM-DD HH24:MI:SS'));
INSERT INTO TBL_AVA_SUBJECT (AVA_SUB_SEQ, T_ID, SUB_SEQ) VALUES (1, 'B1', 1);
INSERT INTO TBL_AVA_SUBJECT (AVA_SUB_SEQ, T_ID, SUB_SEQ) VALUES (2, 'B1', 2);
INSERT INTO TBL_AVA_SUBJECT (AVA_SUB_SEQ, T_ID, SUB_SEQ) VALUES (3, 'B1', 3);
INSERT INTO TBL_AVA_SUBJECT (AVA_SUB_SEQ, T_ID, SUB_SEQ) VALUES (4, 'B1', 4);
INSERT INTO TBL_AVA_SUBJECT (AVA_SUB_SEQ, T_ID, SUB_SEQ) VALUES (5, 'B2', 5);
INSERT INTO TBL_AVA_SUBJECT (AVA_SUB_SEQ, T_ID, SUB_SEQ) VALUES (6, 'B2', 6);
INSERT INTO TBL_AVA_SUBJECT (AVA_SUB_SEQ, T_ID, SUB_SEQ) VALUES (7, 'B2', 7);
INSERT INTO TBL_AVA_SUBJECT (AVA_SUB_SEQ, T_ID, SUB_SEQ) VALUES (8, 'B2', 8);
INSERT INTO TBL_AVA_SUBJECT (AVA_SUB_SEQ, T_ID, SUB_SEQ) VALUES (9, 'B3', 9);
INSERT INTO TBL_AVA_SUBJECT (AVA_SUB_SEQ, T_ID, SUB_SEQ) VALUES (10, 'B3', 10);
INSERT INTO TBL_AVA_SUBJECT (AVA_SUB_SEQ, T_ID, SUB_SEQ) VALUES (11, 'B3', 11);
INSERT INTO TBL_AVA_SUBJECT (AVA_SUB_SEQ, T_ID, SUB_SEQ) VALUES (12, 'B3', 12);
INSERT INTO TBL_AVA_SUBJECT (AVA_SUB_SEQ, T_ID, SUB_SEQ) VALUES (13, 'B4', 1);
INSERT INTO TBL_AVA_SUBJECT (AVA_SUB_SEQ, T_ID, SUB_SEQ) VALUES (14, 'B4', 2);
INSERT INTO TBL_AVA_SUBJECT (AVA_SUB_SEQ, T_ID, SUB_SEQ) VALUES (15, 'B4', 3);
INSERT INTO TBL_AVA_SUBJECT (AVA_SUB_SEQ, T_ID, SUB_SEQ) VALUES (16, 'B4', 4);
INSERT INTO TBL_AVA_SUBJECT (AVA_SUB_SEQ, T_ID, SUB_SEQ) VALUES (17, 'B5', 5);
INSERT INTO TBL_AVA_SUBJECT (AVA_SUB_SEQ, T_ID, SUB_SEQ) VALUES (18, 'B5', 6);
INSERT INTO TBL_AVA_SUBJECT (AVA_SUB_SEQ, T_ID, SUB_SEQ) VALUES (19, 'B5', 7);
INSERT INTO TBL_AVA_SUBJECT (AVA_SUB_SEQ, T_ID, SUB_SEQ) VALUES (20, 'B5', 8);
INSERT INTO TBL_AVA_SUBJECT (AVA_SUB_SEQ, T_ID, SUB_SEQ) VALUES (21, 'B6', 9);
INSERT INTO TBL_AVA_SUBJECT (AVA_SUB_SEQ, T_ID, SUB_SEQ) VALUES (22, 'B6', 10);
INSERT INTO TBL_AVA_SUBJECT (AVA_SUB_SEQ, T_ID, SUB_SEQ) VALUES (23, 'B6', 11);
INSERT INTO TBL_AVA_SUBJECT (AVA_SUB_SEQ, T_ID, SUB_SEQ) VALUES (24, 'B6', 12);
INSERT INTO TBL_AVA_SUBJECT (AVA_SUB_SEQ, T_ID, SUB_SEQ) VALUES (25, 'B7', 1);
INSERT INTO TBL_AVA_SUBJECT (AVA_SUB_SEQ, T_ID, SUB_SEQ) VALUES (26, 'B7', 2);
INSERT INTO TBL_AVA_SUBJECT (AVA_SUB_SEQ, T_ID, SUB_SEQ) VALUES (27, 'B7', 3);
INSERT INTO TBL_AVA_SUBJECT (AVA_SUB_SEQ, T_ID, SUB_SEQ) VALUES (28, 'B7', 4);
INSERT INTO TBL_AVA_SUBJECT (AVA_SUB_SEQ, T_ID, SUB_SEQ) VALUES (29, 'B8', 5);
INSERT INTO TBL_AVA_SUBJECT (AVA_SUB_SEQ, T_ID, SUB_SEQ) VALUES (30, 'B8', 6);
INSERT INTO TBL_AVA_SUBJECT (AVA_SUB_SEQ, T_ID, SUB_SEQ) VALUES (31, 'B8', 7);
INSERT INTO TBL_AVA_SUBJECT (AVA_SUB_SEQ, T_ID, SUB_SEQ) VALUES (32, 'B8', 8);
INSERT INTO TBL_AVA_SUBJECT (AVA_SUB_SEQ, T_ID, SUB_SEQ) VALUES (33, 'B9', 9);
INSERT INTO TBL_AVA_SUBJECT (AVA_SUB_SEQ, T_ID, SUB_SEQ) VALUES (34, 'B9', 10);
INSERT INTO TBL_AVA_SUBJECT (AVA_SUB_SEQ, T_ID, SUB_SEQ) VALUES (35, 'B9', 11);
INSERT INTO TBL_AVA_SUBJECT (AVA_SUB_SEQ, T_ID, SUB_SEQ) VALUES (36, 'B9', 12);
INSERT INTO TBL_AVA_SUBJECT (AVA_SUB_SEQ, T_ID, SUB_SEQ) VALUES (37, 'B10', 1);
INSERT INTO TBL_AVA_SUBJECT (AVA_SUB_SEQ, T_ID, SUB_SEQ) VALUES (38, 'B10', 2);
INSERT INTO TBL_AVA_SUBJECT (AVA_SUB_SEQ, T_ID, SUB_SEQ) VALUES (39, 'B10', 3);
INSERT INTO TBL_AVA_SUBJECT (AVA_SUB_SEQ, T_ID, SUB_SEQ) VALUES (40, 'B10', 4);
INSERT INTO TBL_BOOK (BOOK_SEQ, NAME, BOOK_STOCK, PUB_SEQ) VALUES (1, '이것이 자바다', 11, 1);
INSERT INTO TBL_BOOK (BOOK_SEQ, NAME, BOOK_STOCK, PUB_SEQ) VALUES (2, '김대리의 자바실습', 9, 1);
INSERT INTO TBL_BOOK (BOOK_SEQ, NAME, BOOK_STOCK, PUB_SEQ) VALUES (3, '바경수의 애플리케이션 배포', 20, 2);
INSERT INTO TBL_BOOK (BOOK_SEQ, NAME, BOOK_STOCK, PUB_SEQ) VALUES (4, '김지민의 애플리케이션 구현', 20, 1);
INSERT INTO TBL_BOOK (BOOK_SEQ, NAME, BOOK_STOCK, PUB_SEQ) VALUES (5, '리팩토링 HTML', 5, 2);
INSERT INTO TBL_BOOK (BOOK_SEQ, NAME, BOOK_STOCK, PUB_SEQ) VALUES (6, '3일안에 끝내는 CSS3', 30, 2);
INSERT INTO TBL_BOOK (BOOK_SEQ, NAME, BOOK_STOCK, PUB_SEQ) VALUES (7, '임잔솔의 제이쿼리 입문', 20, 1);
INSERT INTO TBL_BOOK (BOOK_SEQ, NAME, BOOK_STOCK, PUB_SEQ) VALUES (8, 'Do it! 자바스크립트', 61, 1);
INSERT INTO TBL_BOOK (BOOK_SEQ, NAME, BOOK_STOCK, PUB_SEQ) VALUES (9, 'Selenium 웹드라이버 테스트 자동화', 1, 2);
INSERT INTO TBL_BOOK (BOOK_SEQ, NAME, BOOK_STOCK, PUB_SEQ) VALUES (10, '소프트웨어 테스팅 실무', 100, 1);
INSERT INTO TBL_BOOK (BOOK_SEQ, NAME, BOOK_STOCK, PUB_SEQ) VALUES (11, '바개리의 myBATIS 빠개기', 0, 1);
INSERT INTO TBL_BOOK (BOOK_SEQ, NAME, BOOK_STOCK, PUB_SEQ) VALUES (12, '지미진과 함께하는 Spring', 12, 2);
INSERT INTO TBL_CASE (STATE_SEQ, F_ATT_SEQ) VALUES (1, 1);
INSERT INTO TBL_CASE (STATE_SEQ, F_ATT_SEQ) VALUES (4, 1);
INSERT INTO TBL_CASE (STATE_SEQ, F_ATT_SEQ) VALUES (1, 2);
INSERT INTO TBL_CASE (STATE_SEQ, F_ATT_SEQ) VALUES (4, 2);
INSERT INTO TBL_CASE (STATE_SEQ, F_ATT_SEQ) VALUES (1, 3);
INSERT INTO TBL_CASE (STATE_SEQ, F_ATT_SEQ) VALUES (2, 3);
INSERT INTO TBL_CASE (STATE_SEQ, F_ATT_SEQ) VALUES (1, 4);
INSERT INTO TBL_CASE (STATE_SEQ, F_ATT_SEQ) VALUES (3, 4);
INSERT INTO TBL_CASE (STATE_SEQ, F_ATT_SEQ) VALUES (3, 4);
INSERT INTO TBL_CASE (STATE_SEQ, F_ATT_SEQ) VALUES (4, 4);
INSERT INTO TBL_CASE (STATE_SEQ, F_ATT_SEQ) VALUES (1, 5);
INSERT INTO TBL_CASE (STATE_SEQ, F_ATT_SEQ) VALUES (1, 6);
INSERT INTO TBL_CASE (STATE_SEQ, F_ATT_SEQ) VALUES (3, 6);
INSERT INTO TBL_CASE (STATE_SEQ, F_ATT_SEQ) VALUES (3, 6);
INSERT INTO TBL_CASE (STATE_SEQ, F_ATT_SEQ) VALUES (4, 6);
INSERT INTO TBL_CASE (STATE_SEQ, F_ATT_SEQ) VALUES (1, 7);
INSERT INTO TBL_CASE (STATE_SEQ, F_ATT_SEQ) VALUES (2, 7);
INSERT INTO TBL_CASE (STATE_SEQ, F_ATT_SEQ) VALUES (1, 8);
INSERT INTO TBL_CASE (STATE_SEQ, F_ATT_SEQ) VALUES (3, 8);
INSERT INTO TBL_CASE (STATE_SEQ, F_ATT_SEQ) VALUES (3, 8);
INSERT INTO TBL_CASE (STATE_SEQ, F_ATT_SEQ) VALUES (2, 8);
INSERT INTO TBL_CASE (STATE_SEQ, F_ATT_SEQ) VALUES (1, 9);
INSERT INTO TBL_CASE (STATE_SEQ, F_ATT_SEQ) VALUES (3, 9);
INSERT INTO TBL_CASE (STATE_SEQ, F_ATT_SEQ) VALUES (3, 9);
INSERT INTO TBL_CASE (STATE_SEQ, F_ATT_SEQ) VALUES (2, 9);
INSERT INTO TBL_CLASS_ROOM (CL_SEQ, NAME, CAPACITY) VALUES (1, '제1강의실', 30);
INSERT INTO TBL_CLASS_ROOM (CL_SEQ, NAME, CAPACITY) VALUES (2, '제2강의실', 30);
INSERT INTO TBL_CLASS_ROOM (CL_SEQ, NAME, CAPACITY) VALUES (3, '제3강의실', 30);
INSERT INTO TBL_CLASS_ROOM (CL_SEQ, NAME, CAPACITY) VALUES (4, '제4강의실', 26);
INSERT INTO TBL_CLASS_ROOM (CL_SEQ, NAME, CAPACITY) VALUES (5, '제5강의실', 26);
INSERT INTO TBL_CLASS_ROOM (CL_SEQ, NAME, CAPACITY) VALUES (6, '제6강의실', 26);
INSERT INTO TBL_COURSE (COU_SEQ, NAME) VALUES (1, 'Framework기반의 빅데이터활용 응용프로그래머양성');
INSERT INTO TBL_COURSE (COU_SEQ, NAME) VALUES (2, 'JAVA를 활용한 웹 응용SW개발자 양성과정');
INSERT INTO TBL_COURSE (COU_SEQ, NAME) VALUES (3, 'JAVA를 활용한 사물인터넷(IOT) 응용SW개발자 양성과정');
INSERT INTO TBL_COURSE_STUDENT (ST_COU_SEQ, S_ID, O_COU_SEQ) VALUES (1, 'C001', 1);
INSERT INTO TBL_COURSE_STUDENT (ST_COU_SEQ, S_ID, O_COU_SEQ) VALUES (2, 'C002', 1);
INSERT INTO TBL_COURSE_STUDENT (ST_COU_SEQ, S_ID, O_COU_SEQ) VALUES (3, 'C003', 1);
INSERT INTO TBL_COURSE_STUDENT (ST_COU_SEQ, S_ID, O_COU_SEQ) VALUES (4, 'C004', 1);
INSERT INTO TBL_COURSE_STUDENT (ST_COU_SEQ, S_ID, O_COU_SEQ) VALUES (5, 'C005', 1);
INSERT INTO TBL_COURSE_STUDENT (ST_COU_SEQ, S_ID, O_COU_SEQ) VALUES (6, 'C006', 1);
INSERT INTO TBL_COURSE_STUDENT (ST_COU_SEQ, S_ID, O_COU_SEQ) VALUES (7, 'C007', 1);
INSERT INTO TBL_COURSE_STUDENT (ST_COU_SEQ, S_ID, O_COU_SEQ) VALUES (8, 'C008', 1);
INSERT INTO TBL_COURSE_STUDENT (ST_COU_SEQ, S_ID, O_COU_SEQ) VALUES (9, 'C009', 1);
INSERT INTO TBL_COURSE_STUDENT (ST_COU_SEQ, S_ID, O_COU_SEQ) VALUES (10, 'C010', 1);
INSERT INTO TBL_COURSE_STUDENT (ST_COU_SEQ, S_ID, O_COU_SEQ) VALUES (11, 'C011', 1);
INSERT INTO TBL_COURSE_STUDENT (ST_COU_SEQ, S_ID, O_COU_SEQ) VALUES (12, 'C012', 1);
INSERT INTO TBL_COURSE_STUDENT (ST_COU_SEQ, S_ID, O_COU_SEQ) VALUES (13, 'C013', 1);
INSERT INTO TBL_COURSE_STUDENT (ST_COU_SEQ, S_ID, O_COU_SEQ) VALUES (14, 'C014', 1);
INSERT INTO TBL_COURSE_STUDENT (ST_COU_SEQ, S_ID, O_COU_SEQ) VALUES (15, 'C015', 1);
INSERT INTO TBL_COURSE_STUDENT (ST_COU_SEQ, S_ID, O_COU_SEQ) VALUES (16, 'C016', 2);
INSERT INTO TBL_COURSE_STUDENT (ST_COU_SEQ, S_ID, O_COU_SEQ) VALUES (17, 'C017', 2);
INSERT INTO TBL_COURSE_STUDENT (ST_COU_SEQ, S_ID, O_COU_SEQ) VALUES (18, 'C018', 2);
INSERT INTO TBL_COURSE_STUDENT (ST_COU_SEQ, S_ID, O_COU_SEQ) VALUES (19, 'C019', 2);
INSERT INTO TBL_COURSE_STUDENT (ST_COU_SEQ, S_ID, O_COU_SEQ) VALUES (20, 'C020', 2);
INSERT INTO TBL_COURSE_STUDENT (ST_COU_SEQ, S_ID, O_COU_SEQ) VALUES (21, 'C021', 2);
INSERT INTO TBL_COURSE_STUDENT (ST_COU_SEQ, S_ID, O_COU_SEQ) VALUES (22, 'C022', 2);
INSERT INTO TBL_COURSE_STUDENT (ST_COU_SEQ, S_ID, O_COU_SEQ) VALUES (23, 'C023', 2);
INSERT INTO TBL_COURSE_STUDENT (ST_COU_SEQ, S_ID, O_COU_SEQ) VALUES (24, 'C024', 2);
INSERT INTO TBL_COURSE_STUDENT (ST_COU_SEQ, S_ID, O_COU_SEQ) VALUES (25, 'C025', 2);
INSERT INTO TBL_COURSE_STUDENT (ST_COU_SEQ, S_ID, O_COU_SEQ) VALUES (26, 'C026', 2);
INSERT INTO TBL_COURSE_STUDENT (ST_COU_SEQ, S_ID, O_COU_SEQ) VALUES (27, 'C027', 2);
INSERT INTO TBL_COURSE_STUDENT (ST_COU_SEQ, S_ID, O_COU_SEQ) VALUES (28, 'C028', 2);
INSERT INTO TBL_COURSE_STUDENT (ST_COU_SEQ, S_ID, O_COU_SEQ) VALUES (29, 'C029', 2);
INSERT INTO TBL_COURSE_STUDENT (ST_COU_SEQ, S_ID, O_COU_SEQ) VALUES (30, 'C030', 2);
INSERT INTO TBL_COURSE_STUDENT (ST_COU_SEQ, S_ID, O_COU_SEQ) VALUES (31, 'C031', 3);
INSERT INTO TBL_COURSE_STUDENT (ST_COU_SEQ, S_ID, O_COU_SEQ) VALUES (32, 'C032', 3);
INSERT INTO TBL_COURSE_STUDENT (ST_COU_SEQ, S_ID, O_COU_SEQ) VALUES (33, 'C033', 3);
INSERT INTO TBL_COURSE_STUDENT (ST_COU_SEQ, S_ID, O_COU_SEQ) VALUES (34, 'C034', 3);
INSERT INTO TBL_COURSE_STUDENT (ST_COU_SEQ, S_ID, O_COU_SEQ) VALUES (35, 'C035', 3);
INSERT INTO TBL_COURSE_STUDENT (ST_COU_SEQ, S_ID, O_COU_SEQ) VALUES (36, 'C036', 3);
INSERT INTO TBL_COURSE_STUDENT (ST_COU_SEQ, S_ID, O_COU_SEQ) VALUES (37, 'C037', 3);
INSERT INTO TBL_COURSE_STUDENT (ST_COU_SEQ, S_ID, O_COU_SEQ) VALUES (38, 'C038', 3);
INSERT INTO TBL_COURSE_STUDENT (ST_COU_SEQ, S_ID, O_COU_SEQ) VALUES (39, 'C039', 3);
INSERT INTO TBL_COURSE_STUDENT (ST_COU_SEQ, S_ID, O_COU_SEQ) VALUES (40, 'C040', 3);
INSERT INTO TBL_COURSE_STUDENT (ST_COU_SEQ, S_ID, O_COU_SEQ) VALUES (41, 'C041', 3);
INSERT INTO TBL_COURSE_STUDENT (ST_COU_SEQ, S_ID, O_COU_SEQ) VALUES (42, 'C042', 3);
INSERT INTO TBL_COURSE_STUDENT (ST_COU_SEQ, S_ID, O_COU_SEQ) VALUES (43, 'C043', 3);
INSERT INTO TBL_COURSE_STUDENT (ST_COU_SEQ, S_ID, O_COU_SEQ) VALUES (44, 'C044', 3);
INSERT INTO TBL_COURSE_STUDENT (ST_COU_SEQ, S_ID, O_COU_SEQ) VALUES (45, 'C045', 3);
INSERT INTO TBL_DISTRIBUTION (BOOK_SEQ, ST_COU_SEQ) VALUES (1, 1);
INSERT INTO TBL_DISTRIBUTION (BOOK_SEQ, ST_COU_SEQ) VALUES (2, 1);
INSERT INTO TBL_DISTRIBUTION (BOOK_SEQ, ST_COU_SEQ) VALUES (3, 1);
INSERT INTO TBL_DISTRIBUTION (BOOK_SEQ, ST_COU_SEQ) VALUES (4, 1);
INSERT INTO TBL_DISTRIBUTION (BOOK_SEQ, ST_COU_SEQ) VALUES (1, 2);
INSERT INTO TBL_DISTRIBUTION (BOOK_SEQ, ST_COU_SEQ) VALUES (2, 2);
INSERT INTO TBL_DISTRIBUTION (BOOK_SEQ, ST_COU_SEQ) VALUES (3, 2);
INSERT INTO TBL_DISTRIBUTION (BOOK_SEQ, ST_COU_SEQ) VALUES (4, 2);
INSERT INTO TBL_DISTRIBUTION (BOOK_SEQ, ST_COU_SEQ) VALUES (1, 3);
INSERT INTO TBL_DISTRIBUTION (BOOK_SEQ, ST_COU_SEQ) VALUES (2, 3);
INSERT INTO TBL_DISTRIBUTION (BOOK_SEQ, ST_COU_SEQ) VALUES (3, 3);
INSERT INTO TBL_DISTRIBUTION (BOOK_SEQ, ST_COU_SEQ) VALUES (4, 3);
INSERT INTO TBL_DISTRIBUTION (BOOK_SEQ, ST_COU_SEQ) VALUES (1, 4);
INSERT INTO TBL_DISTRIBUTION (BOOK_SEQ, ST_COU_SEQ) VALUES (2, 4);
INSERT INTO TBL_DISTRIBUTION (BOOK_SEQ, ST_COU_SEQ) VALUES (3, 4);
INSERT INTO TBL_DISTRIBUTION (BOOK_SEQ, ST_COU_SEQ) VALUES (4, 4);
INSERT INTO TBL_DISTRIBUTION (BOOK_SEQ, ST_COU_SEQ) VALUES (1, 5);
INSERT INTO TBL_DISTRIBUTION (BOOK_SEQ, ST_COU_SEQ) VALUES (2, 5);
INSERT INTO TBL_DISTRIBUTION (BOOK_SEQ, ST_COU_SEQ) VALUES (3, 5);
INSERT INTO TBL_DISTRIBUTION (BOOK_SEQ, ST_COU_SEQ) VALUES (4, 5);
INSERT INTO TBL_DISTRIBUTION (BOOK_SEQ, ST_COU_SEQ) VALUES (1, 6);
INSERT INTO TBL_DISTRIBUTION (BOOK_SEQ, ST_COU_SEQ) VALUES (2, 6);
INSERT INTO TBL_DISTRIBUTION (BOOK_SEQ, ST_COU_SEQ) VALUES (3, 6);
INSERT INTO TBL_DISTRIBUTION (BOOK_SEQ, ST_COU_SEQ) VALUES (4, 6);
INSERT INTO TBL_DISTRIBUTION (BOOK_SEQ, ST_COU_SEQ) VALUES (1, 7);
INSERT INTO TBL_DISTRIBUTION (BOOK_SEQ, ST_COU_SEQ) VALUES (2, 7);
INSERT INTO TBL_DISTRIBUTION (BOOK_SEQ, ST_COU_SEQ) VALUES (3, 7);
INSERT INTO TBL_DISTRIBUTION (BOOK_SEQ, ST_COU_SEQ) VALUES (4, 7);
INSERT INTO TBL_DISTRIBUTION (BOOK_SEQ, ST_COU_SEQ) VALUES (1, 8);
INSERT INTO TBL_DISTRIBUTION (BOOK_SEQ, ST_COU_SEQ) VALUES (2, 8);
INSERT INTO TBL_DISTRIBUTION (BOOK_SEQ, ST_COU_SEQ) VALUES (3, 8);
INSERT INTO TBL_DISTRIBUTION (BOOK_SEQ, ST_COU_SEQ) VALUES (4, 8);
INSERT INTO TBL_DISTRIBUTION (BOOK_SEQ, ST_COU_SEQ) VALUES (1, 9);
INSERT INTO TBL_DISTRIBUTION (BOOK_SEQ, ST_COU_SEQ) VALUES (2, 9);
INSERT INTO TBL_DISTRIBUTION (BOOK_SEQ, ST_COU_SEQ) VALUES (3, 9);
INSERT INTO TBL_DISTRIBUTION (BOOK_SEQ, ST_COU_SEQ) VALUES (4, 9);
INSERT INTO TBL_DISTRIBUTION (BOOK_SEQ, ST_COU_SEQ) VALUES (1, 10);
INSERT INTO TBL_DISTRIBUTION (BOOK_SEQ, ST_COU_SEQ) VALUES (2, 10);
INSERT INTO TBL_DISTRIBUTION (BOOK_SEQ, ST_COU_SEQ) VALUES (3, 10);
INSERT INTO TBL_DISTRIBUTION (BOOK_SEQ, ST_COU_SEQ) VALUES (4, 10);
INSERT INTO TBL_DISTRIBUTION (BOOK_SEQ, ST_COU_SEQ) VALUES (1, 11);
INSERT INTO TBL_DISTRIBUTION (BOOK_SEQ, ST_COU_SEQ) VALUES (2, 11);
INSERT INTO TBL_DISTRIBUTION (BOOK_SEQ, ST_COU_SEQ) VALUES (3, 11);
INSERT INTO TBL_DISTRIBUTION (BOOK_SEQ, ST_COU_SEQ) VALUES (4, 11);
INSERT INTO TBL_DISTRIBUTION (BOOK_SEQ, ST_COU_SEQ) VALUES (1, 12);
INSERT INTO TBL_DISTRIBUTION (BOOK_SEQ, ST_COU_SEQ) VALUES (2, 12);
INSERT INTO TBL_DISTRIBUTION (BOOK_SEQ, ST_COU_SEQ) VALUES (3, 12);
INSERT INTO TBL_DISTRIBUTION (BOOK_SEQ, ST_COU_SEQ) VALUES (4, 12);
INSERT INTO TBL_DISTRIBUTION (BOOK_SEQ, ST_COU_SEQ) VALUES (1, 13);
INSERT INTO TBL_DISTRIBUTION (BOOK_SEQ, ST_COU_SEQ) VALUES (2, 13);
INSERT INTO TBL_DISTRIBUTION (BOOK_SEQ, ST_COU_SEQ) VALUES (3, 13);
INSERT INTO TBL_DISTRIBUTION (BOOK_SEQ, ST_COU_SEQ) VALUES (4, 13);
INSERT INTO TBL_DISTRIBUTION (BOOK_SEQ, ST_COU_SEQ) VALUES (1, 14);
INSERT INTO TBL_DISTRIBUTION (BOOK_SEQ, ST_COU_SEQ) VALUES (2, 14);
INSERT INTO TBL_DISTRIBUTION (BOOK_SEQ, ST_COU_SEQ) VALUES (3, 14);
INSERT INTO TBL_DISTRIBUTION (BOOK_SEQ, ST_COU_SEQ) VALUES (4, 14);
INSERT INTO TBL_DISTRIBUTION (BOOK_SEQ, ST_COU_SEQ) VALUES (1, 15);
INSERT INTO TBL_DISTRIBUTION (BOOK_SEQ, ST_COU_SEQ) VALUES (2, 15);
INSERT INTO TBL_DISTRIBUTION (BOOK_SEQ, ST_COU_SEQ) VALUES (3, 15);
INSERT INTO TBL_DISTRIBUTION (BOOK_SEQ, ST_COU_SEQ) VALUES (4, 15);
INSERT INTO TBL_DISTRIBUTION (BOOK_SEQ, ST_COU_SEQ) VALUES (5, 16);
INSERT INTO TBL_DISTRIBUTION (BOOK_SEQ, ST_COU_SEQ) VALUES (6, 16);
INSERT INTO TBL_DISTRIBUTION (BOOK_SEQ, ST_COU_SEQ) VALUES (7, 16);
INSERT INTO TBL_DISTRIBUTION (BOOK_SEQ, ST_COU_SEQ) VALUES (8, 16);
INSERT INTO TBL_DISTRIBUTION (BOOK_SEQ, ST_COU_SEQ) VALUES (5, 17);
INSERT INTO TBL_DISTRIBUTION (BOOK_SEQ, ST_COU_SEQ) VALUES (6, 17);
INSERT INTO TBL_DISTRIBUTION (BOOK_SEQ, ST_COU_SEQ) VALUES (7, 17);
INSERT INTO TBL_DISTRIBUTION (BOOK_SEQ, ST_COU_SEQ) VALUES (8, 17);
INSERT INTO TBL_DISTRIBUTION (BOOK_SEQ, ST_COU_SEQ) VALUES (5, 18);
INSERT INTO TBL_DISTRIBUTION (BOOK_SEQ, ST_COU_SEQ) VALUES (6, 18);
INSERT INTO TBL_DISTRIBUTION (BOOK_SEQ, ST_COU_SEQ) VALUES (7, 18);
INSERT INTO TBL_DISTRIBUTION (BOOK_SEQ, ST_COU_SEQ) VALUES (8, 18);
INSERT INTO TBL_DISTRIBUTION (BOOK_SEQ, ST_COU_SEQ) VALUES (5, 19);
INSERT INTO TBL_DISTRIBUTION (BOOK_SEQ, ST_COU_SEQ) VALUES (6, 19);
INSERT INTO TBL_DISTRIBUTION (BOOK_SEQ, ST_COU_SEQ) VALUES (7, 19);
INSERT INTO TBL_DISTRIBUTION (BOOK_SEQ, ST_COU_SEQ) VALUES (8, 19);
INSERT INTO TBL_DISTRIBUTION (BOOK_SEQ, ST_COU_SEQ) VALUES (5, 20);
INSERT INTO TBL_DISTRIBUTION (BOOK_SEQ, ST_COU_SEQ) VALUES (6, 20);
INSERT INTO TBL_DISTRIBUTION (BOOK_SEQ, ST_COU_SEQ) VALUES (7, 20);
INSERT INTO TBL_DISTRIBUTION (BOOK_SEQ, ST_COU_SEQ) VALUES (8, 20);
INSERT INTO TBL_DISTRIBUTION (BOOK_SEQ, ST_COU_SEQ) VALUES (5, 21);
INSERT INTO TBL_DISTRIBUTION (BOOK_SEQ, ST_COU_SEQ) VALUES (6, 21);
INSERT INTO TBL_DISTRIBUTION (BOOK_SEQ, ST_COU_SEQ) VALUES (7, 21);
INSERT INTO TBL_DISTRIBUTION (BOOK_SEQ, ST_COU_SEQ) VALUES (8, 21);
INSERT INTO TBL_DISTRIBUTION (BOOK_SEQ, ST_COU_SEQ) VALUES (5, 22);
INSERT INTO TBL_DISTRIBUTION (BOOK_SEQ, ST_COU_SEQ) VALUES (6, 22);
INSERT INTO TBL_DISTRIBUTION (BOOK_SEQ, ST_COU_SEQ) VALUES (7, 22);
INSERT INTO TBL_DISTRIBUTION (BOOK_SEQ, ST_COU_SEQ) VALUES (8, 22);
INSERT INTO TBL_DISTRIBUTION (BOOK_SEQ, ST_COU_SEQ) VALUES (5, 23);
INSERT INTO TBL_DISTRIBUTION (BOOK_SEQ, ST_COU_SEQ) VALUES (6, 23);
INSERT INTO TBL_DISTRIBUTION (BOOK_SEQ, ST_COU_SEQ) VALUES (7, 23);
INSERT INTO TBL_DISTRIBUTION (BOOK_SEQ, ST_COU_SEQ) VALUES (8, 23);
INSERT INTO TBL_DISTRIBUTION (BOOK_SEQ, ST_COU_SEQ) VALUES (5, 24);
INSERT INTO TBL_DISTRIBUTION (BOOK_SEQ, ST_COU_SEQ) VALUES (6, 24);
INSERT INTO TBL_DISTRIBUTION (BOOK_SEQ, ST_COU_SEQ) VALUES (7, 24);
INSERT INTO TBL_DISTRIBUTION (BOOK_SEQ, ST_COU_SEQ) VALUES (8, 24);
INSERT INTO TBL_DISTRIBUTION (BOOK_SEQ, ST_COU_SEQ) VALUES (5, 25);
INSERT INTO TBL_DISTRIBUTION (BOOK_SEQ, ST_COU_SEQ) VALUES (6, 25);
INSERT INTO TBL_DISTRIBUTION (BOOK_SEQ, ST_COU_SEQ) VALUES (7, 25);
INSERT INTO TBL_DISTRIBUTION (BOOK_SEQ, ST_COU_SEQ) VALUES (8, 25);
INSERT INTO TBL_DISTRIBUTION (BOOK_SEQ, ST_COU_SEQ) VALUES (5, 26);
INSERT INTO TBL_DISTRIBUTION (BOOK_SEQ, ST_COU_SEQ) VALUES (6, 26);
INSERT INTO TBL_DISTRIBUTION (BOOK_SEQ, ST_COU_SEQ) VALUES (7, 26);
INSERT INTO TBL_DISTRIBUTION (BOOK_SEQ, ST_COU_SEQ) VALUES (8, 26);
INSERT INTO TBL_DISTRIBUTION (BOOK_SEQ, ST_COU_SEQ) VALUES (5, 27);
INSERT INTO TBL_DISTRIBUTION (BOOK_SEQ, ST_COU_SEQ) VALUES (6, 27);
INSERT INTO TBL_DISTRIBUTION (BOOK_SEQ, ST_COU_SEQ) VALUES (7, 27);
INSERT INTO TBL_DISTRIBUTION (BOOK_SEQ, ST_COU_SEQ) VALUES (8, 27);
INSERT INTO TBL_DISTRIBUTION (BOOK_SEQ, ST_COU_SEQ) VALUES (5, 28);
INSERT INTO TBL_DISTRIBUTION (BOOK_SEQ, ST_COU_SEQ) VALUES (6, 28);
INSERT INTO TBL_DISTRIBUTION (BOOK_SEQ, ST_COU_SEQ) VALUES (7, 28);
INSERT INTO TBL_DISTRIBUTION (BOOK_SEQ, ST_COU_SEQ) VALUES (8, 28);
INSERT INTO TBL_DISTRIBUTION (BOOK_SEQ, ST_COU_SEQ) VALUES (5, 29);
INSERT INTO TBL_DISTRIBUTION (BOOK_SEQ, ST_COU_SEQ) VALUES (6, 29);
INSERT INTO TBL_DISTRIBUTION (BOOK_SEQ, ST_COU_SEQ) VALUES (7, 29);
INSERT INTO TBL_DISTRIBUTION (BOOK_SEQ, ST_COU_SEQ) VALUES (8, 29);
INSERT INTO TBL_DISTRIBUTION (BOOK_SEQ, ST_COU_SEQ) VALUES (5, 30);
INSERT INTO TBL_DISTRIBUTION (BOOK_SEQ, ST_COU_SEQ) VALUES (6, 30);
INSERT INTO TBL_DISTRIBUTION (BOOK_SEQ, ST_COU_SEQ) VALUES (7, 30);
INSERT INTO TBL_DISTRIBUTION (BOOK_SEQ, ST_COU_SEQ) VALUES (8, 30);
INSERT INTO TBL_DISTRIBUTION (BOOK_SEQ, ST_COU_SEQ) VALUES (9, 31);
INSERT INTO TBL_DISTRIBUTION (BOOK_SEQ, ST_COU_SEQ) VALUES (10, 31);
INSERT INTO TBL_DISTRIBUTION (BOOK_SEQ, ST_COU_SEQ) VALUES (11, 31);
INSERT INTO TBL_DISTRIBUTION (BOOK_SEQ, ST_COU_SEQ) VALUES (12, 31);
INSERT INTO TBL_DISTRIBUTION (BOOK_SEQ, ST_COU_SEQ) VALUES (9, 32);
INSERT INTO TBL_DISTRIBUTION (BOOK_SEQ, ST_COU_SEQ) VALUES (10, 32);
INSERT INTO TBL_DISTRIBUTION (BOOK_SEQ, ST_COU_SEQ) VALUES (11, 32);
INSERT INTO TBL_DISTRIBUTION (BOOK_SEQ, ST_COU_SEQ) VALUES (12, 32);
INSERT INTO TBL_DISTRIBUTION (BOOK_SEQ, ST_COU_SEQ) VALUES (9, 33);
INSERT INTO TBL_DISTRIBUTION (BOOK_SEQ, ST_COU_SEQ) VALUES (10, 33);
INSERT INTO TBL_DISTRIBUTION (BOOK_SEQ, ST_COU_SEQ) VALUES (11, 33);
INSERT INTO TBL_DISTRIBUTION (BOOK_SEQ, ST_COU_SEQ) VALUES (12, 33);
INSERT INTO TBL_DISTRIBUTION (BOOK_SEQ, ST_COU_SEQ) VALUES (9, 34);
INSERT INTO TBL_DISTRIBUTION (BOOK_SEQ, ST_COU_SEQ) VALUES (10, 34);
INSERT INTO TBL_DISTRIBUTION (BOOK_SEQ, ST_COU_SEQ) VALUES (11, 34);
INSERT INTO TBL_DISTRIBUTION (BOOK_SEQ, ST_COU_SEQ) VALUES (12, 34);
INSERT INTO TBL_DISTRIBUTION (BOOK_SEQ, ST_COU_SEQ) VALUES (9, 35);
INSERT INTO TBL_DISTRIBUTION (BOOK_SEQ, ST_COU_SEQ) VALUES (10, 35);
INSERT INTO TBL_DISTRIBUTION (BOOK_SEQ, ST_COU_SEQ) VALUES (11, 35);
INSERT INTO TBL_DISTRIBUTION (BOOK_SEQ, ST_COU_SEQ) VALUES (12, 35);
INSERT INTO TBL_DISTRIBUTION (BOOK_SEQ, ST_COU_SEQ) VALUES (9, 36);
INSERT INTO TBL_DISTRIBUTION (BOOK_SEQ, ST_COU_SEQ) VALUES (10, 36);
INSERT INTO TBL_DISTRIBUTION (BOOK_SEQ, ST_COU_SEQ) VALUES (11, 36);
INSERT INTO TBL_DISTRIBUTION (BOOK_SEQ, ST_COU_SEQ) VALUES (12, 36);
INSERT INTO TBL_DISTRIBUTION (BOOK_SEQ, ST_COU_SEQ) VALUES (9, 37);
INSERT INTO TBL_DISTRIBUTION (BOOK_SEQ, ST_COU_SEQ) VALUES (10, 37);
INSERT INTO TBL_DISTRIBUTION (BOOK_SEQ, ST_COU_SEQ) VALUES (11, 37);
INSERT INTO TBL_DISTRIBUTION (BOOK_SEQ, ST_COU_SEQ) VALUES (12, 37);
INSERT INTO TBL_DISTRIBUTION (BOOK_SEQ, ST_COU_SEQ) VALUES (9, 38);
INSERT INTO TBL_DISTRIBUTION (BOOK_SEQ, ST_COU_SEQ) VALUES (10, 38);
INSERT INTO TBL_DISTRIBUTION (BOOK_SEQ, ST_COU_SEQ) VALUES (11, 38);
INSERT INTO TBL_DISTRIBUTION (BOOK_SEQ, ST_COU_SEQ) VALUES (12, 38);
INSERT INTO TBL_DISTRIBUTION (BOOK_SEQ, ST_COU_SEQ) VALUES (9, 39);
INSERT INTO TBL_DISTRIBUTION (BOOK_SEQ, ST_COU_SEQ) VALUES (10, 39);
INSERT INTO TBL_DISTRIBUTION (BOOK_SEQ, ST_COU_SEQ) VALUES (11, 39);
INSERT INTO TBL_DISTRIBUTION (BOOK_SEQ, ST_COU_SEQ) VALUES (12, 39);
INSERT INTO TBL_DISTRIBUTION (BOOK_SEQ, ST_COU_SEQ) VALUES (9, 40);
INSERT INTO TBL_DISTRIBUTION (BOOK_SEQ, ST_COU_SEQ) VALUES (10, 40);
INSERT INTO TBL_DISTRIBUTION (BOOK_SEQ, ST_COU_SEQ) VALUES (11, 40);
INSERT INTO TBL_DISTRIBUTION (BOOK_SEQ, ST_COU_SEQ) VALUES (12, 40);
INSERT INTO TBL_DISTRIBUTION (BOOK_SEQ, ST_COU_SEQ) VALUES (9, 41);
INSERT INTO TBL_DISTRIBUTION (BOOK_SEQ, ST_COU_SEQ) VALUES (10, 41);
INSERT INTO TBL_DISTRIBUTION (BOOK_SEQ, ST_COU_SEQ) VALUES (11, 41);
INSERT INTO TBL_DISTRIBUTION (BOOK_SEQ, ST_COU_SEQ) VALUES (12, 41);
INSERT INTO TBL_DISTRIBUTION (BOOK_SEQ, ST_COU_SEQ) VALUES (9, 42);
INSERT INTO TBL_DISTRIBUTION (BOOK_SEQ, ST_COU_SEQ) VALUES (10, 42);
INSERT INTO TBL_DISTRIBUTION (BOOK_SEQ, ST_COU_SEQ) VALUES (11, 42);
INSERT INTO TBL_DISTRIBUTION (BOOK_SEQ, ST_COU_SEQ) VALUES (12, 42);
INSERT INTO TBL_DISTRIBUTION (BOOK_SEQ, ST_COU_SEQ) VALUES (9, 43);
INSERT INTO TBL_DISTRIBUTION (BOOK_SEQ, ST_COU_SEQ) VALUES (10, 43);
INSERT INTO TBL_DISTRIBUTION (BOOK_SEQ, ST_COU_SEQ) VALUES (11, 43);
INSERT INTO TBL_DISTRIBUTION (BOOK_SEQ, ST_COU_SEQ) VALUES (12, 43);
INSERT INTO TBL_DISTRIBUTION (BOOK_SEQ, ST_COU_SEQ) VALUES (9, 44);
INSERT INTO TBL_DISTRIBUTION (BOOK_SEQ, ST_COU_SEQ) VALUES (10, 44);
INSERT INTO TBL_DISTRIBUTION (BOOK_SEQ, ST_COU_SEQ) VALUES (11, 44);
INSERT INTO TBL_DISTRIBUTION (BOOK_SEQ, ST_COU_SEQ) VALUES (12, 44);
INSERT INTO TBL_DISTRIBUTION (BOOK_SEQ, ST_COU_SEQ) VALUES (9, 45);
INSERT INTO TBL_DISTRIBUTION (BOOK_SEQ, ST_COU_SEQ) VALUES (10, 45);
INSERT INTO TBL_DISTRIBUTION (BOOK_SEQ, ST_COU_SEQ) VALUES (11, 45);
INSERT INTO TBL_DISTRIBUTION (BOOK_SEQ, ST_COU_SEQ) VALUES (12, 45);
INSERT INTO TBL_DROP_OUT (DROP_SEQ, REASON, DROP_DATE, ST_COU_SEQ) VALUES (1, '적성이 맞지 않아 농구하러 떠남', TO_DATE('2018-02-01 12:30:07', 'YYYY-MM-DD HH24:MI:SS'), 3);
INSERT INTO TBL_DROP_OUT (DROP_SEQ, REASON, DROP_DATE, ST_COU_SEQ) VALUES (2, '로또 1등 당첨되서 여행자의 삶을 택함', TO_DATE('2018-02-01 12:30:49', 'YYYY-MM-DD HH24:MI:SS'), 41);
INSERT INTO TBL_DROP_OUT (DROP_SEQ, REASON, DROP_DATE, ST_COU_SEQ) VALUES (3, '폐암 말기 발견, 입원치료를 위해 중도 포기', TO_DATE('2018-02-01 12:31:24', 'YYYY-MM-DD HH24:MI:SS'), 42);
INSERT INTO TBL_FINAL_ATT (F_ATT_SEQ) VALUES (1);
INSERT INTO TBL_FINAL_ATT (F_ATT_SEQ) VALUES (2);
INSERT INTO TBL_FINAL_ATT (F_ATT_SEQ) VALUES (3);
INSERT INTO TBL_FINAL_ATT (F_ATT_SEQ) VALUES (4);
INSERT INTO TBL_FINAL_ATT (F_ATT_SEQ) VALUES (5);
INSERT INTO TBL_FINAL_ATT (F_ATT_SEQ) VALUES (6);
INSERT INTO TBL_FINAL_ATT (F_ATT_SEQ) VALUES (7);
INSERT INTO TBL_FINAL_ATT (F_ATT_SEQ) VALUES (8);
INSERT INTO TBL_FINAL_ATT (F_ATT_SEQ) VALUES (9);
INSERT INTO TBL_GO (GO_SEQ, ATT_SEQ, REASON) VALUES (1, 10, '병원');
INSERT INTO TBL_GO (GO_SEQ, ATT_SEQ, REASON) VALUES (2, 25, '은행업무');
INSERT INTO TBL_GO (GO_SEQ, ATT_SEQ, REASON) VALUES (3, 45, '우체국 볼일');
INSERT INTO TBL_GO (GO_SEQ, ATT_SEQ, REASON) VALUES (4, 49, '개인사정');
INSERT INTO TBL_GO (GO_SEQ, ATT_SEQ, REASON) VALUES (5, 55, '병가');
INSERT INTO TBL_GO (GO_SEQ, ATT_SEQ, REASON) VALUES (6, 81, '병원가야해요');
INSERT INTO TBL_GO (GO_SEQ, ATT_SEQ, REASON) VALUES (7, 87, '병원');
INSERT INTO TBL_GO (GO_SEQ, ATT_SEQ, REASON) VALUES (8, 103, '은행업무');
INSERT INTO TBL_GO (GO_SEQ, ATT_SEQ, REASON) VALUES (9, 107, '면접');
INSERT INTO TBL_GO (GO_SEQ, ATT_SEQ, REASON) VALUES (10, 111, '개인사정');
INSERT INTO TBL_GO (GO_SEQ, ATT_SEQ, REASON) VALUES (11, 115, '동사무소 방문');
INSERT INTO TBL_GO (GO_SEQ, ATT_SEQ, REASON) VALUES (12, 125, '개인사정');
INSERT INTO TBL_GO (GO_SEQ, ATT_SEQ, REASON) VALUES (13, 136, '개인사정');
INSERT INTO TBL_GO (GO_SEQ, ATT_SEQ, REASON) VALUES (14, 148, '병원');
INSERT INTO TBL_GO (GO_SEQ, ATT_SEQ, REASON) VALUES (15, 156, '병원다녀올게요');
INSERT INTO TBL_GO (GO_SEQ, ATT_SEQ, REASON) VALUES (16, 173, '병원다녀옵니다.');
INSERT INTO TBL_GO (GO_SEQ, ATT_SEQ, REASON) VALUES (17, 177, '개인사정');
INSERT INTO TBL_GO (GO_SEQ, ATT_SEQ, REASON) VALUES (18, 181, '아파서 약국감');
INSERT INTO TBL_GO (GO_SEQ, ATT_SEQ, REASON) VALUES (19, 242, '열이 나서 병원 다녀오겠습니다.');
INSERT INTO TBL_GO (GO_SEQ, ATT_SEQ, REASON) VALUES (20, 189, '개인사정이예요~');
INSERT INTO TBL_GO (GO_SEQ, ATT_SEQ, REASON) VALUES (21, 194, '개인사정이예요~');
INSERT INTO TBL_GO (GO_SEQ, ATT_SEQ, REASON) VALUES (22, 222, '개인사정이예요~');
INSERT INTO TBL_GO (GO_SEQ, ATT_SEQ, REASON) VALUES (23, 246, '부모님 뵈러 잠시 나갔다 오겠습니다.');
INSERT INTO TBL_GO (GO_SEQ, ATT_SEQ, REASON) VALUES (24, 250, '급한 전화통화 용무');
INSERT INTO TBL_GO (GO_SEQ, ATT_SEQ, REASON) VALUES (25, 261, '개인사정이예요~');
INSERT INTO TBL_GO (GO_SEQ, ATT_SEQ, REASON) VALUES (26, 279, '개인사정');
INSERT INTO TBL_GO (GO_SEQ, ATT_SEQ, REASON) VALUES (27, 283, '택배보내고 오겠습니다.');
INSERT INTO TBL_GO (GO_SEQ, ATT_SEQ, REASON) VALUES (28, 287, '시골에서 부모님 올라오셔서 잠시 뵈러 가겠습니다.');
INSERT INTO TBL_GO (GO_SEQ, ATT_SEQ, REASON) VALUES (29, 292, '고용노동부 방문');
INSERT INTO TBL_GO (GO_SEQ, ATT_SEQ, REASON) VALUES (30, 296, '개인사정이예요~');
INSERT INTO TBL_GO (GO_SEQ, ATT_SEQ, REASON) VALUES (31, 305, '보험관련업무');
INSERT INTO TBL_GO (GO_SEQ, ATT_SEQ, REASON) VALUES (32, 316, '병원');
INSERT INTO TBL_GO (GO_SEQ, ATT_SEQ, REASON) VALUES (33, 326, '개인사정이예요~');
INSERT INTO TBL_GO_HOME (GO_HOME_SEQ, ATT_SEQ, REASON) VALUES (1, 12, '졸업식');
INSERT INTO TBL_GO_HOME (GO_HOME_SEQ, ATT_SEQ, REASON) VALUES (2, 20, '개인사정이예요');
INSERT INTO TBL_GO_HOME (GO_HOME_SEQ, ATT_SEQ, REASON) VALUES (3, 34, '컨디션 난조');
INSERT INTO TBL_GO_HOME (GO_HOME_SEQ, ATT_SEQ, REASON) VALUES (4, 42, '병가');
INSERT INTO TBL_GO_HOME (GO_HOME_SEQ, ATT_SEQ, REASON) VALUES (5, 61, '가족 결혼식');
INSERT INTO TBL_GO_HOME (GO_HOME_SEQ, ATT_SEQ, REASON) VALUES (6, 71, '결혼식 갈게요');
INSERT INTO TBL_GO_HOME (GO_HOME_SEQ, ATT_SEQ, REASON) VALUES (7, 73, '고향 다녀오겠습니다.');
INSERT INTO TBL_GO_HOME (GO_HOME_SEQ, ATT_SEQ, REASON) VALUES (8, 75, '친척들 만나러 갑니다.');
INSERT INTO TBL_GO_HOME (GO_HOME_SEQ, ATT_SEQ, REASON) VALUES (9, 83, '아파서');
INSERT INTO TBL_GO_HOME (GO_HOME_SEQ, ATT_SEQ, REASON) VALUES (10, 85, '개인사정');
INSERT INTO TBL_GO_HOME (GO_HOME_SEQ, ATT_SEQ, REASON) VALUES (11, 97, '회사 면접');
INSERT INTO TBL_GO_HOME (GO_HOME_SEQ, ATT_SEQ, REASON) VALUES (12, 119, '아버지 간병');
INSERT INTO TBL_GO_HOME (GO_HOME_SEQ, ATT_SEQ, REASON) VALUES (13, 123, '아파요ㅠㅠ');
INSERT INTO TBL_GO_HOME (GO_HOME_SEQ, ATT_SEQ, REASON) VALUES (14, 139, '감기 몸살');
INSERT INTO TBL_GO_HOME (GO_HOME_SEQ, ATT_SEQ, REASON) VALUES (15, 154, '중요한 약속이 있어요~');
INSERT INTO TBL_GO_HOME (GO_HOME_SEQ, ATT_SEQ, REASON) VALUES (16, 161, '자격증 시험 응시');
INSERT INTO TBL_GO_HOME (GO_HOME_SEQ, ATT_SEQ, REASON) VALUES (17, 187, '병가');
INSERT INTO TBL_GO_HOME (GO_HOME_SEQ, ATT_SEQ, REASON) VALUES (18, 196, '중요한 약속이 있어요~');
INSERT INTO TBL_GO_HOME (GO_HOME_SEQ, ATT_SEQ, REASON) VALUES (19, 210, '졸업식 가겠습니다.');
INSERT INTO TBL_GO_HOME (GO_HOME_SEQ, ATT_SEQ, REASON) VALUES (20, 212, '졸업식 다녀옵니다.');
INSERT INTO TBL_GO_HOME (GO_HOME_SEQ, ATT_SEQ, REASON) VALUES (21, 214, '동생 졸업식 참석하겠습니다.');
INSERT INTO TBL_GO_HOME (GO_HOME_SEQ, ATT_SEQ, REASON) VALUES (22, 218, '장례식');
INSERT INTO TBL_GO_HOME (GO_HOME_SEQ, ATT_SEQ, REASON) VALUES (23, 224, '중요한 약속이 있어요~');
INSERT INTO TBL_GO_HOME (GO_HOME_SEQ, ATT_SEQ, REASON) VALUES (24, 226, '아파요');
INSERT INTO TBL_GO_HOME (GO_HOME_SEQ, ATT_SEQ, REASON) VALUES (25, 228, '개인사정이요~~');
INSERT INTO TBL_GO_HOME (GO_HOME_SEQ, ATT_SEQ, REASON) VALUES (26, 244, '면접참여합니다.');
INSERT INTO TBL_GO_HOME (GO_HOME_SEQ, ATT_SEQ, REASON) VALUES (27, 248, '개인사정');
INSERT INTO TBL_GO_HOME (GO_HOME_SEQ, ATT_SEQ, REASON) VALUES (28, 252, '개인사정');
INSERT INTO TBL_GO_HOME (GO_HOME_SEQ, ATT_SEQ, REASON) VALUES (29, 263, '중요한 약속이 있어요~');
INSERT INTO TBL_GO_HOME (GO_HOME_SEQ, ATT_SEQ, REASON) VALUES (30, 281, '친구 병문안 갈게요.');
INSERT INTO TBL_GO_HOME (GO_HOME_SEQ, ATT_SEQ, REASON) VALUES (31, 285, '개인사정');
INSERT INTO TBL_GO_HOME (GO_HOME_SEQ, ATT_SEQ, REASON) VALUES (32, 289, '개인사정');
INSERT INTO TBL_GO_HOME (GO_HOME_SEQ, ATT_SEQ, REASON) VALUES (33, 298, '중요한 약속이 있어요~');
INSERT INTO TBL_GO_HOME (GO_HOME_SEQ, ATT_SEQ, REASON) VALUES (34, 300, '중요한 약속이 있어요~');
INSERT INTO TBL_GO_HOME (GO_HOME_SEQ, ATT_SEQ, REASON) VALUES (35, 318, '병가');
INSERT INTO TBL_GO_HOME (GO_HOME_SEQ, ATT_SEQ, REASON) VALUES (36, 322, '집안일');
INSERT INTO TBL_GO_HOME (GO_HOME_SEQ, ATT_SEQ, REASON) VALUES (37, 328, '중요한 약속이 있어요~');
INSERT INTO TBL_GO_HOME (GO_HOME_SEQ, ATT_SEQ, REASON) VALUES (38, 338, '가족 결혼식');
INSERT INTO TBL_GO_HOME_SICK (GO_HOME_S_SEQ, GO_HOME_SEQ) VALUES (1, 3);
INSERT INTO TBL_GO_HOME_SICK (GO_HOME_S_SEQ, GO_HOME_SEQ) VALUES (2, 4);
INSERT INTO TBL_GO_HOME_SICK (GO_HOME_S_SEQ, GO_HOME_SEQ) VALUES (3, 9);
INSERT INTO TBL_GO_HOME_SICK (GO_HOME_S_SEQ, GO_HOME_SEQ) VALUES (4, 13);
INSERT INTO TBL_GO_HOME_SICK (GO_HOME_S_SEQ, GO_HOME_SEQ) VALUES (5, 14);
INSERT INTO TBL_GO_HOME_SICK (GO_HOME_S_SEQ, GO_HOME_SEQ) VALUES (6, 17);
INSERT INTO TBL_GO_HOME_SICK (GO_HOME_S_SEQ, GO_HOME_SEQ) VALUES (7, 24);
INSERT INTO TBL_GO_HOME_SICK (GO_HOME_S_SEQ, GO_HOME_SEQ) VALUES (8, 35);
INSERT INTO TBL_GO_SICK (GO_SICK_SEQ, GO_SEQ) VALUES (1, 1);
INSERT INTO TBL_GO_SICK (GO_SICK_SEQ, GO_SEQ) VALUES (2, 5);
INSERT INTO TBL_GO_SICK (GO_SICK_SEQ, GO_SEQ) VALUES (4, 6);
INSERT INTO TBL_GO_SICK (GO_SICK_SEQ, GO_SEQ) VALUES (5, 7);
INSERT INTO TBL_GO_SICK (GO_SICK_SEQ, GO_SEQ) VALUES (6, 14);
INSERT INTO TBL_GO_SICK (GO_SICK_SEQ, GO_SEQ) VALUES (7, 15);
INSERT INTO TBL_GO_SICK (GO_SICK_SEQ, GO_SEQ) VALUES (8, 16);
INSERT INTO TBL_GO_SICK (GO_SICK_SEQ, GO_SEQ) VALUES (9, 19);
INSERT INTO TBL_GO_SICK (GO_SICK_SEQ, GO_SEQ) VALUES (10, 32);
INSERT INTO TBL_MANAGER (M_ID, PASSWORD, SSN, NAME) VALUES ('A1', null, 1000000, '박영수');
INSERT INTO TBL_MANAGER (M_ID, PASSWORD, SSN, NAME) VALUES ('A2', null, 2000000, '김지민');
INSERT INTO TBL_MANAGER (M_ID, PASSWORD, SSN, NAME) VALUES ('A3', null, 3000000, '임진솔');
INSERT INTO TBL_MANAGER (M_ID, PASSWORD, SSN, NAME) VALUES ('A4', null, 4000000, '박애리');
INSERT INTO TBL_MANAGER (M_ID, PASSWORD, SSN, NAME) VALUES ('A5', null, 5000000, '지미진');
INSERT INTO TBL_OPEN_COURSE (O_COU_SEQ, START_DATE, END_DATE, CL_SEQ, COU_SEQ, M_ID, T_ID) VALUES (1, TO_DATE('2017-08-08 00:00:00', 'YYYY-MM-DD HH24:MI:SS'), TO_DATE('2018-03-12 00:00:00', 'YYYY-MM-DD HH24:MI:SS'), 1, 1, 'A1', 'B1');
INSERT INTO TBL_OPEN_COURSE (O_COU_SEQ, START_DATE, END_DATE, CL_SEQ, COU_SEQ, M_ID, T_ID) VALUES (2, TO_DATE('2017-11-01 00:00:00', 'YYYY-MM-DD HH24:MI:SS'), TO_DATE('2018-06-01 00:00:00', 'YYYY-MM-DD HH24:MI:SS'), 2, 2, 'A2', 'B2');
INSERT INTO TBL_OPEN_COURSE (O_COU_SEQ, START_DATE, END_DATE, CL_SEQ, COU_SEQ, M_ID, T_ID) VALUES (3, TO_DATE('2016-11-28 00:00:00', 'YYYY-MM-DD HH24:MI:SS'), TO_DATE('2017-06-26 00:00:00', 'YYYY-MM-DD HH24:MI:SS'), 3, 3, 'A3', 'B3');
INSERT INTO TBL_OPEN_SUBJECT (O_SUB_SEQ, START_DATE, END_DATE, W_RATIO, P_RATIO, AT_RATIO, W_TEST, P_TEST, SUB_SEQ, BOOK_SEQ, O_COU_SEQ) VALUES (1, TO_DATE('2017-08-08 00:00:00', 'YYYY-MM-DD HH24:MI:SS'), TO_DATE('2017-10-09 00:00:00', 'YYYY-MM-DD HH24:MI:SS'), 40, 40, 20, TO_DATE('2017-09-08 00:00:00', 'YYYY-MM-DD HH24:MI:SS'), TO_DATE('2017-10-09 00:00:00', 'YYYY-MM-DD HH24:MI:SS'), 1, 1, 1);
INSERT INTO TBL_OPEN_SUBJECT (O_SUB_SEQ, START_DATE, END_DATE, W_RATIO, P_RATIO, AT_RATIO, W_TEST, P_TEST, SUB_SEQ, BOOK_SEQ, O_COU_SEQ) VALUES (2, TO_DATE('2017-10-10 00:00:00', 'YYYY-MM-DD HH24:MI:SS'), TO_DATE('2017-11-09 00:00:00', 'YYYY-MM-DD HH24:MI:SS'), 40, 40, 20, TO_DATE('2017-11-09 00:00:00', 'YYYY-MM-DD HH24:MI:SS'), TO_DATE('2017-11-09 00:00:00', 'YYYY-MM-DD HH24:MI:SS'), 2, 2, 1);
INSERT INTO TBL_OPEN_SUBJECT (O_SUB_SEQ, START_DATE, END_DATE, W_RATIO, P_RATIO, AT_RATIO, W_TEST, P_TEST, SUB_SEQ, BOOK_SEQ, O_COU_SEQ) VALUES (3, TO_DATE('2017-11-10 00:00:00', 'YYYY-MM-DD HH24:MI:SS'), TO_DATE('2018-01-09 00:00:00', 'YYYY-MM-DD HH24:MI:SS'), 40, 40, 20, TO_DATE('2017-12-11 00:00:00', 'YYYY-MM-DD HH24:MI:SS'), TO_DATE('2018-01-09 00:00:00', 'YYYY-MM-DD HH24:MI:SS'), 3, 3, 1);
INSERT INTO TBL_OPEN_SUBJECT (O_SUB_SEQ, START_DATE, END_DATE, W_RATIO, P_RATIO, AT_RATIO, W_TEST, P_TEST, SUB_SEQ, BOOK_SEQ, O_COU_SEQ) VALUES (4, TO_DATE('2018-01-10 00:00:00', 'YYYY-MM-DD HH24:MI:SS'), TO_DATE('2018-03-12 00:00:00', 'YYYY-MM-DD HH24:MI:SS'), 40, 40, 20, TO_DATE('2018-02-20 00:00:00', 'YYYY-MM-DD HH24:MI:SS'), TO_DATE('2018-03-09 00:00:00', 'YYYY-MM-DD HH24:MI:SS'), 4, 4, 1);
INSERT INTO TBL_OPEN_SUBJECT (O_SUB_SEQ, START_DATE, END_DATE, W_RATIO, P_RATIO, AT_RATIO, W_TEST, P_TEST, SUB_SEQ, BOOK_SEQ, O_COU_SEQ) VALUES (5, TO_DATE('2017-11-01 00:00:00', 'YYYY-MM-DD HH24:MI:SS'), TO_DATE('2017-12-28 00:00:00', 'YYYY-MM-DD HH24:MI:SS'), 20, 30, 50, TO_DATE('2018-12-28 00:00:00', 'YYYY-MM-DD HH24:MI:SS'), TO_DATE('2018-12-28 00:00:00', 'YYYY-MM-DD HH24:MI:SS'), 5, 5, 2);
INSERT INTO TBL_OPEN_SUBJECT (O_SUB_SEQ, START_DATE, END_DATE, W_RATIO, P_RATIO, AT_RATIO, W_TEST, P_TEST, SUB_SEQ, BOOK_SEQ, O_COU_SEQ) VALUES (6, TO_DATE('2017-12-29 00:00:00', 'YYYY-MM-DD HH24:MI:SS'), TO_DATE('2018-03-02 00:00:00', 'YYYY-MM-DD HH24:MI:SS'), 20, 30, 50, TO_DATE('2018-02-02 00:00:00', 'YYYY-MM-DD HH24:MI:SS'), TO_DATE('2018-03-02 00:00:00', 'YYYY-MM-DD HH24:MI:SS'), 6, 6, 2);
INSERT INTO TBL_OPEN_SUBJECT (O_SUB_SEQ, START_DATE, END_DATE, W_RATIO, P_RATIO, AT_RATIO, W_TEST, P_TEST, SUB_SEQ, BOOK_SEQ, O_COU_SEQ) VALUES (7, TO_DATE('2018-03-03 00:00:00', 'YYYY-MM-DD HH24:MI:SS'), TO_DATE('2018-05-10 00:00:00', 'YYYY-MM-DD HH24:MI:SS'), 20, 30, 50, TO_DATE('2018-04-04 00:00:00', 'YYYY-MM-DD HH24:MI:SS'), TO_DATE('2018-05-10 00:00:00', 'YYYY-MM-DD HH24:MI:SS'), 7, 7, 2);
INSERT INTO TBL_OPEN_SUBJECT (O_SUB_SEQ, START_DATE, END_DATE, W_RATIO, P_RATIO, AT_RATIO, W_TEST, P_TEST, SUB_SEQ, BOOK_SEQ, O_COU_SEQ) VALUES (8, TO_DATE('2018-05-11 00:00:00', 'YYYY-MM-DD HH24:MI:SS'), TO_DATE('2018-06-01 00:00:00', 'YYYY-MM-DD HH24:MI:SS'), 20, 30, 50, TO_DATE('2018-05-28 00:00:00', 'YYYY-MM-DD HH24:MI:SS'), TO_DATE('2018-05-28 00:00:00', 'YYYY-MM-DD HH24:MI:SS'), 8, 8, 2);
INSERT INTO TBL_OPEN_SUBJECT (O_SUB_SEQ, START_DATE, END_DATE, W_RATIO, P_RATIO, AT_RATIO, W_TEST, P_TEST, SUB_SEQ, BOOK_SEQ, O_COU_SEQ) VALUES (9, TO_DATE('2016-11-28 00:00:00', 'YYYY-MM-DD HH24:MI:SS'), TO_DATE('2017-01-26 00:00:00', 'YYYY-MM-DD HH24:MI:SS'), 30, 30, 40, TO_DATE('2016-12-21 00:00:00', 'YYYY-MM-DD HH24:MI:SS'), TO_DATE('2017-01-26 00:00:00', 'YYYY-MM-DD HH24:MI:SS'), 9, 9, 3);
INSERT INTO TBL_OPEN_SUBJECT (O_SUB_SEQ, START_DATE, END_DATE, W_RATIO, P_RATIO, AT_RATIO, W_TEST, P_TEST, SUB_SEQ, BOOK_SEQ, O_COU_SEQ) VALUES (10, TO_DATE('2017-01-27 00:00:00', 'YYYY-MM-DD HH24:MI:SS'), TO_DATE('2017-03-29 00:00:00', 'YYYY-MM-DD HH24:MI:SS'), 30, 40, 30, TO_DATE('2017-02-27 00:00:00', 'YYYY-MM-DD HH24:MI:SS'), TO_DATE('2017-03-29 00:00:00', 'YYYY-MM-DD HH24:MI:SS'), 10, 10, 3);
INSERT INTO TBL_OPEN_SUBJECT (O_SUB_SEQ, START_DATE, END_DATE, W_RATIO, P_RATIO, AT_RATIO, W_TEST, P_TEST, SUB_SEQ, BOOK_SEQ, O_COU_SEQ) VALUES (11, TO_DATE('2017-03-30 00:00:00', 'YYYY-MM-DD HH24:MI:SS'), TO_DATE('2017-05-09 00:00:00', 'YYYY-MM-DD HH24:MI:SS'), 40, 30, 30, TO_DATE('2017-04-18 00:00:00', 'YYYY-MM-DD HH24:MI:SS'), TO_DATE('2017-05-09 00:00:00', 'YYYY-MM-DD HH24:MI:SS'), 11, 11, 3);
INSERT INTO TBL_OPEN_SUBJECT (O_SUB_SEQ, START_DATE, END_DATE, W_RATIO, P_RATIO, AT_RATIO, W_TEST, P_TEST, SUB_SEQ, BOOK_SEQ, O_COU_SEQ) VALUES (12, TO_DATE('2017-05-10 00:00:00', 'YYYY-MM-DD HH24:MI:SS'), TO_DATE('2017-06-26 00:00:00', 'YYYY-MM-DD HH24:MI:SS'), 40, 40, 20, TO_DATE('2017-05-29 00:00:00', 'YYYY-MM-DD HH24:MI:SS'), TO_DATE('2017-06-23 00:00:00', 'YYYY-MM-DD HH24:MI:SS'), 12, 12, 3);
INSERT INTO TBL_PUBLISHER (PUB_SEQ, NAME) VALUES (1, '한빛미디어');
INSERT INTO TBL_PUBLISHER (PUB_SEQ, NAME) VALUES (2, '위키북스');
INSERT INTO TBL_SCORE (SCO_SEQ, ORG_W_SCORE, ORG_P_SCORE, ORG_A_SCORE, F_W_SCORE, F_P_SCORE, F_A_SCORE, O_SUB_SEQ, ST_COU_SEQ) VALUES (118, 80, 60, 90, 32, 24, 18, 12, 43);
INSERT INTO TBL_SCORE (SCO_SEQ, ORG_W_SCORE, ORG_P_SCORE, ORG_A_SCORE, F_W_SCORE, F_P_SCORE, F_A_SCORE, O_SUB_SEQ, ST_COU_SEQ) VALUES (119, 80, 70, 90, 32, 28, 18, 12, 44);
INSERT INTO TBL_SCORE (SCO_SEQ, ORG_W_SCORE, ORG_P_SCORE, ORG_A_SCORE, F_W_SCORE, F_P_SCORE, F_A_SCORE, O_SUB_SEQ, ST_COU_SEQ) VALUES (120, 90, 90, 100, 36, 36, 20, 12, 45);
INSERT INTO TBL_SCORE (SCO_SEQ, ORG_W_SCORE, ORG_P_SCORE, ORG_A_SCORE, F_W_SCORE, F_P_SCORE, F_A_SCORE, O_SUB_SEQ, ST_COU_SEQ) VALUES (1, 100, 100, 100, 40, 40, 20, 1, 1);
INSERT INTO TBL_SCORE (SCO_SEQ, ORG_W_SCORE, ORG_P_SCORE, ORG_A_SCORE, F_W_SCORE, F_P_SCORE, F_A_SCORE, O_SUB_SEQ, ST_COU_SEQ) VALUES (2, 70, 60, 100, 28, 24, 20, 1, 2);
INSERT INTO TBL_SCORE (SCO_SEQ, ORG_W_SCORE, ORG_P_SCORE, ORG_A_SCORE, F_W_SCORE, F_P_SCORE, F_A_SCORE, O_SUB_SEQ, ST_COU_SEQ) VALUES (3, 60, 50, 70, 24, 20, 14, 1, 3);
INSERT INTO TBL_SCORE (SCO_SEQ, ORG_W_SCORE, ORG_P_SCORE, ORG_A_SCORE, F_W_SCORE, F_P_SCORE, F_A_SCORE, O_SUB_SEQ, ST_COU_SEQ) VALUES (4, 80, 90, 80, 32, 36, 16, 1, 4);
INSERT INTO TBL_SCORE (SCO_SEQ, ORG_W_SCORE, ORG_P_SCORE, ORG_A_SCORE, F_W_SCORE, F_P_SCORE, F_A_SCORE, O_SUB_SEQ, ST_COU_SEQ) VALUES (5, 70, 100, 80, 28, 40, 16, 1, 5);
INSERT INTO TBL_SCORE (SCO_SEQ, ORG_W_SCORE, ORG_P_SCORE, ORG_A_SCORE, F_W_SCORE, F_P_SCORE, F_A_SCORE, O_SUB_SEQ, ST_COU_SEQ) VALUES (6, 70, 80, 100, 28, 32, 20, 1, 6);
INSERT INTO TBL_SCORE (SCO_SEQ, ORG_W_SCORE, ORG_P_SCORE, ORG_A_SCORE, F_W_SCORE, F_P_SCORE, F_A_SCORE, O_SUB_SEQ, ST_COU_SEQ) VALUES (7, 90, 90, 30, 36, 36, 6, 1, 7);
INSERT INTO TBL_SCORE (SCO_SEQ, ORG_W_SCORE, ORG_P_SCORE, ORG_A_SCORE, F_W_SCORE, F_P_SCORE, F_A_SCORE, O_SUB_SEQ, ST_COU_SEQ) VALUES (8, 50, 60, 40, 20, 24, 8, 1, 8);
INSERT INTO TBL_SCORE (SCO_SEQ, ORG_W_SCORE, ORG_P_SCORE, ORG_A_SCORE, F_W_SCORE, F_P_SCORE, F_A_SCORE, O_SUB_SEQ, ST_COU_SEQ) VALUES (9, 40, 40, 80, 16, 16, 16, 1, 9);
INSERT INTO TBL_SCORE (SCO_SEQ, ORG_W_SCORE, ORG_P_SCORE, ORG_A_SCORE, F_W_SCORE, F_P_SCORE, F_A_SCORE, O_SUB_SEQ, ST_COU_SEQ) VALUES (10, 60, 90, 70, 24, 36, 14, 1, 10);
INSERT INTO TBL_SCORE (SCO_SEQ, ORG_W_SCORE, ORG_P_SCORE, ORG_A_SCORE, F_W_SCORE, F_P_SCORE, F_A_SCORE, O_SUB_SEQ, ST_COU_SEQ) VALUES (11, 100, 90, 80, 40, 36, 16, 1, 11);
INSERT INTO TBL_SCORE (SCO_SEQ, ORG_W_SCORE, ORG_P_SCORE, ORG_A_SCORE, F_W_SCORE, F_P_SCORE, F_A_SCORE, O_SUB_SEQ, ST_COU_SEQ) VALUES (12, 80, 70, 60, 32, 28, 12, 1, 12);
INSERT INTO TBL_SCORE (SCO_SEQ, ORG_W_SCORE, ORG_P_SCORE, ORG_A_SCORE, F_W_SCORE, F_P_SCORE, F_A_SCORE, O_SUB_SEQ, ST_COU_SEQ) VALUES (13, 90, 50, 70, 36, 20, 14, 1, 13);
INSERT INTO TBL_SCORE (SCO_SEQ, ORG_W_SCORE, ORG_P_SCORE, ORG_A_SCORE, F_W_SCORE, F_P_SCORE, F_A_SCORE, O_SUB_SEQ, ST_COU_SEQ) VALUES (14, 100, 100, 30, 40, 40, 6, 1, 14);
INSERT INTO TBL_SCORE (SCO_SEQ, ORG_W_SCORE, ORG_P_SCORE, ORG_A_SCORE, F_W_SCORE, F_P_SCORE, F_A_SCORE, O_SUB_SEQ, ST_COU_SEQ) VALUES (15, 50, 60, 80, 20, 24, 16, 1, 15);
INSERT INTO TBL_SCORE (SCO_SEQ, ORG_W_SCORE, ORG_P_SCORE, ORG_A_SCORE, F_W_SCORE, F_P_SCORE, F_A_SCORE, O_SUB_SEQ, ST_COU_SEQ) VALUES (16, 30, 30, 50, 12, 12, 10, 2, 1);
INSERT INTO TBL_SCORE (SCO_SEQ, ORG_W_SCORE, ORG_P_SCORE, ORG_A_SCORE, F_W_SCORE, F_P_SCORE, F_A_SCORE, O_SUB_SEQ, ST_COU_SEQ) VALUES (17, 70, 80, 80, 28, 32, 16, 2, 2);
INSERT INTO TBL_SCORE (SCO_SEQ, ORG_W_SCORE, ORG_P_SCORE, ORG_A_SCORE, F_W_SCORE, F_P_SCORE, F_A_SCORE, O_SUB_SEQ, ST_COU_SEQ) VALUES (18, 90, 100, 50, 36, 40, 10, 2, 3);
INSERT INTO TBL_SCORE (SCO_SEQ, ORG_W_SCORE, ORG_P_SCORE, ORG_A_SCORE, F_W_SCORE, F_P_SCORE, F_A_SCORE, O_SUB_SEQ, ST_COU_SEQ) VALUES (19, 40, 100, 100, 16, 40, 20, 2, 4);
INSERT INTO TBL_SCORE (SCO_SEQ, ORG_W_SCORE, ORG_P_SCORE, ORG_A_SCORE, F_W_SCORE, F_P_SCORE, F_A_SCORE, O_SUB_SEQ, ST_COU_SEQ) VALUES (20, 70, 90, 80, 28, 36, 16, 2, 5);
INSERT INTO TBL_SCORE (SCO_SEQ, ORG_W_SCORE, ORG_P_SCORE, ORG_A_SCORE, F_W_SCORE, F_P_SCORE, F_A_SCORE, O_SUB_SEQ, ST_COU_SEQ) VALUES (21, 90, 90, 90, 36, 36, 18, 2, 6);
INSERT INTO TBL_SCORE (SCO_SEQ, ORG_W_SCORE, ORG_P_SCORE, ORG_A_SCORE, F_W_SCORE, F_P_SCORE, F_A_SCORE, O_SUB_SEQ, ST_COU_SEQ) VALUES (22, 90, 50, 50, 36, 20, 10, 2, 7);
INSERT INTO TBL_SCORE (SCO_SEQ, ORG_W_SCORE, ORG_P_SCORE, ORG_A_SCORE, F_W_SCORE, F_P_SCORE, F_A_SCORE, O_SUB_SEQ, ST_COU_SEQ) VALUES (23, 100, 50, 60, 40, 20, 12, 2, 8);
INSERT INTO TBL_SCORE (SCO_SEQ, ORG_W_SCORE, ORG_P_SCORE, ORG_A_SCORE, F_W_SCORE, F_P_SCORE, F_A_SCORE, O_SUB_SEQ, ST_COU_SEQ) VALUES (24, 60, 70, 70, 24, 28, 14, 2, 9);
INSERT INTO TBL_SCORE (SCO_SEQ, ORG_W_SCORE, ORG_P_SCORE, ORG_A_SCORE, F_W_SCORE, F_P_SCORE, F_A_SCORE, O_SUB_SEQ, ST_COU_SEQ) VALUES (25, 80, 90, 100, 32, 36, 20, 2, 10);
INSERT INTO TBL_SCORE (SCO_SEQ, ORG_W_SCORE, ORG_P_SCORE, ORG_A_SCORE, F_W_SCORE, F_P_SCORE, F_A_SCORE, O_SUB_SEQ, ST_COU_SEQ) VALUES (26, 100, 100, 90, 40, 40, 18, 2, 11);
INSERT INTO TBL_SCORE (SCO_SEQ, ORG_W_SCORE, ORG_P_SCORE, ORG_A_SCORE, F_W_SCORE, F_P_SCORE, F_A_SCORE, O_SUB_SEQ, ST_COU_SEQ) VALUES (27, 80, 70, 100, 32, 28, 20, 2, 12);
INSERT INTO TBL_SCORE (SCO_SEQ, ORG_W_SCORE, ORG_P_SCORE, ORG_A_SCORE, F_W_SCORE, F_P_SCORE, F_A_SCORE, O_SUB_SEQ, ST_COU_SEQ) VALUES (28, 100, 40, 90, 40, 16, 18, 2, 13);
INSERT INTO TBL_SCORE (SCO_SEQ, ORG_W_SCORE, ORG_P_SCORE, ORG_A_SCORE, F_W_SCORE, F_P_SCORE, F_A_SCORE, O_SUB_SEQ, ST_COU_SEQ) VALUES (29, 50, 60, 80, 20, 24, 16, 2, 14);
INSERT INTO TBL_SCORE (SCO_SEQ, ORG_W_SCORE, ORG_P_SCORE, ORG_A_SCORE, F_W_SCORE, F_P_SCORE, F_A_SCORE, O_SUB_SEQ, ST_COU_SEQ) VALUES (30, 80, 90, 100, 32, 36, 20, 2, 15);
INSERT INTO TBL_SCORE (SCO_SEQ, ORG_W_SCORE, ORG_P_SCORE, ORG_A_SCORE, F_W_SCORE, F_P_SCORE, F_A_SCORE, O_SUB_SEQ, ST_COU_SEQ) VALUES (31, 100, 80, 80, 40, 32, 16, 3, 1);
INSERT INTO TBL_SCORE (SCO_SEQ, ORG_W_SCORE, ORG_P_SCORE, ORG_A_SCORE, F_W_SCORE, F_P_SCORE, F_A_SCORE, O_SUB_SEQ, ST_COU_SEQ) VALUES (32, 50, 60, 70, 20, 24, 14, 3, 2);
INSERT INTO TBL_SCORE (SCO_SEQ, ORG_W_SCORE, ORG_P_SCORE, ORG_A_SCORE, F_W_SCORE, F_P_SCORE, F_A_SCORE, O_SUB_SEQ, ST_COU_SEQ) VALUES (33, 40, 50, 90, 16, 20, 18, 3, 3);
INSERT INTO TBL_SCORE (SCO_SEQ, ORG_W_SCORE, ORG_P_SCORE, ORG_A_SCORE, F_W_SCORE, F_P_SCORE, F_A_SCORE, O_SUB_SEQ, ST_COU_SEQ) VALUES (34, 90, 100, 100, 36, 40, 20, 3, 4);
INSERT INTO TBL_SCORE (SCO_SEQ, ORG_W_SCORE, ORG_P_SCORE, ORG_A_SCORE, F_W_SCORE, F_P_SCORE, F_A_SCORE, O_SUB_SEQ, ST_COU_SEQ) VALUES (35, 80, 80, 80, 32, 32, 16, 3, 5);
INSERT INTO TBL_SCORE (SCO_SEQ, ORG_W_SCORE, ORG_P_SCORE, ORG_A_SCORE, F_W_SCORE, F_P_SCORE, F_A_SCORE, O_SUB_SEQ, ST_COU_SEQ) VALUES (36, 70, 60, 80, 28, 24, 16, 3, 6);
INSERT INTO TBL_SCORE (SCO_SEQ, ORG_W_SCORE, ORG_P_SCORE, ORG_A_SCORE, F_W_SCORE, F_P_SCORE, F_A_SCORE, O_SUB_SEQ, ST_COU_SEQ) VALUES (37, 100, 90, 100, 40, 36, 20, 3, 7);
INSERT INTO TBL_SCORE (SCO_SEQ, ORG_W_SCORE, ORG_P_SCORE, ORG_A_SCORE, F_W_SCORE, F_P_SCORE, F_A_SCORE, O_SUB_SEQ, ST_COU_SEQ) VALUES (38, 90, 80, 70, 36, 32, 14, 3, 8);
INSERT INTO TBL_SCORE (SCO_SEQ, ORG_W_SCORE, ORG_P_SCORE, ORG_A_SCORE, F_W_SCORE, F_P_SCORE, F_A_SCORE, O_SUB_SEQ, ST_COU_SEQ) VALUES (39, 50, 60, 60, 20, 24, 12, 3, 9);
INSERT INTO TBL_SCORE (SCO_SEQ, ORG_W_SCORE, ORG_P_SCORE, ORG_A_SCORE, F_W_SCORE, F_P_SCORE, F_A_SCORE, O_SUB_SEQ, ST_COU_SEQ) VALUES (40, 70, 50, 80, 28, 20, 16, 3, 10);
INSERT INTO TBL_SCORE (SCO_SEQ, ORG_W_SCORE, ORG_P_SCORE, ORG_A_SCORE, F_W_SCORE, F_P_SCORE, F_A_SCORE, O_SUB_SEQ, ST_COU_SEQ) VALUES (41, 90, 100, 30, 36, 40, 6, 3, 11);
INSERT INTO TBL_SCORE (SCO_SEQ, ORG_W_SCORE, ORG_P_SCORE, ORG_A_SCORE, F_W_SCORE, F_P_SCORE, F_A_SCORE, O_SUB_SEQ, ST_COU_SEQ) VALUES (42, 50, 80, 60, 20, 32, 12, 3, 12);
INSERT INTO TBL_SCORE (SCO_SEQ, ORG_W_SCORE, ORG_P_SCORE, ORG_A_SCORE, F_W_SCORE, F_P_SCORE, F_A_SCORE, O_SUB_SEQ, ST_COU_SEQ) VALUES (43, 60, 60, 90, 24, 24, 18, 3, 13);
INSERT INTO TBL_SCORE (SCO_SEQ, ORG_W_SCORE, ORG_P_SCORE, ORG_A_SCORE, F_W_SCORE, F_P_SCORE, F_A_SCORE, O_SUB_SEQ, ST_COU_SEQ) VALUES (44, 80, 90, 100, 32, 36, 20, 3, 14);
INSERT INTO TBL_SCORE (SCO_SEQ, ORG_W_SCORE, ORG_P_SCORE, ORG_A_SCORE, F_W_SCORE, F_P_SCORE, F_A_SCORE, O_SUB_SEQ, ST_COU_SEQ) VALUES (45, 100, 60, 80, 40, 24, 16, 3, 15);
INSERT INTO TBL_SCORE (SCO_SEQ, ORG_W_SCORE, ORG_P_SCORE, ORG_A_SCORE, F_W_SCORE, F_P_SCORE, F_A_SCORE, O_SUB_SEQ, ST_COU_SEQ) VALUES (46, null, null, null, null, null, null, 4, 1);
INSERT INTO TBL_SCORE (SCO_SEQ, ORG_W_SCORE, ORG_P_SCORE, ORG_A_SCORE, F_W_SCORE, F_P_SCORE, F_A_SCORE, O_SUB_SEQ, ST_COU_SEQ) VALUES (47, null, null, null, null, null, null, 4, 2);
INSERT INTO TBL_SCORE (SCO_SEQ, ORG_W_SCORE, ORG_P_SCORE, ORG_A_SCORE, F_W_SCORE, F_P_SCORE, F_A_SCORE, O_SUB_SEQ, ST_COU_SEQ) VALUES (48, null, null, null, null, null, null, 4, 3);
INSERT INTO TBL_SCORE (SCO_SEQ, ORG_W_SCORE, ORG_P_SCORE, ORG_A_SCORE, F_W_SCORE, F_P_SCORE, F_A_SCORE, O_SUB_SEQ, ST_COU_SEQ) VALUES (49, null, null, null, null, null, null, 4, 4);
INSERT INTO TBL_SCORE (SCO_SEQ, ORG_W_SCORE, ORG_P_SCORE, ORG_A_SCORE, F_W_SCORE, F_P_SCORE, F_A_SCORE, O_SUB_SEQ, ST_COU_SEQ) VALUES (50, null, null, null, null, null, null, 4, 5);
INSERT INTO TBL_SCORE (SCO_SEQ, ORG_W_SCORE, ORG_P_SCORE, ORG_A_SCORE, F_W_SCORE, F_P_SCORE, F_A_SCORE, O_SUB_SEQ, ST_COU_SEQ) VALUES (51, null, null, null, null, null, null, 4, 6);
INSERT INTO TBL_SCORE (SCO_SEQ, ORG_W_SCORE, ORG_P_SCORE, ORG_A_SCORE, F_W_SCORE, F_P_SCORE, F_A_SCORE, O_SUB_SEQ, ST_COU_SEQ) VALUES (52, null, null, null, null, null, null, 4, 7);
INSERT INTO TBL_SCORE (SCO_SEQ, ORG_W_SCORE, ORG_P_SCORE, ORG_A_SCORE, F_W_SCORE, F_P_SCORE, F_A_SCORE, O_SUB_SEQ, ST_COU_SEQ) VALUES (53, null, null, null, null, null, null, 4, 8);
INSERT INTO TBL_SCORE (SCO_SEQ, ORG_W_SCORE, ORG_P_SCORE, ORG_A_SCORE, F_W_SCORE, F_P_SCORE, F_A_SCORE, O_SUB_SEQ, ST_COU_SEQ) VALUES (54, null, null, null, null, null, null, 4, 9);
INSERT INTO TBL_SCORE (SCO_SEQ, ORG_W_SCORE, ORG_P_SCORE, ORG_A_SCORE, F_W_SCORE, F_P_SCORE, F_A_SCORE, O_SUB_SEQ, ST_COU_SEQ) VALUES (55, null, null, null, null, null, null, 4, 10);
INSERT INTO TBL_SCORE (SCO_SEQ, ORG_W_SCORE, ORG_P_SCORE, ORG_A_SCORE, F_W_SCORE, F_P_SCORE, F_A_SCORE, O_SUB_SEQ, ST_COU_SEQ) VALUES (56, null, null, null, null, null, null, 4, 11);
INSERT INTO TBL_SCORE (SCO_SEQ, ORG_W_SCORE, ORG_P_SCORE, ORG_A_SCORE, F_W_SCORE, F_P_SCORE, F_A_SCORE, O_SUB_SEQ, ST_COU_SEQ) VALUES (57, null, null, null, null, null, null, 4, 12);
INSERT INTO TBL_SCORE (SCO_SEQ, ORG_W_SCORE, ORG_P_SCORE, ORG_A_SCORE, F_W_SCORE, F_P_SCORE, F_A_SCORE, O_SUB_SEQ, ST_COU_SEQ) VALUES (58, null, null, null, null, null, null, 4, 13);
INSERT INTO TBL_SCORE (SCO_SEQ, ORG_W_SCORE, ORG_P_SCORE, ORG_A_SCORE, F_W_SCORE, F_P_SCORE, F_A_SCORE, O_SUB_SEQ, ST_COU_SEQ) VALUES (59, null, null, null, null, null, null, 4, 14);
INSERT INTO TBL_SCORE (SCO_SEQ, ORG_W_SCORE, ORG_P_SCORE, ORG_A_SCORE, F_W_SCORE, F_P_SCORE, F_A_SCORE, O_SUB_SEQ, ST_COU_SEQ) VALUES (60, null, null, null, null, null, null, 4, 15);
INSERT INTO TBL_SCORE (SCO_SEQ, ORG_W_SCORE, ORG_P_SCORE, ORG_A_SCORE, F_W_SCORE, F_P_SCORE, F_A_SCORE, O_SUB_SEQ, ST_COU_SEQ) VALUES (61, 100, 100, 100, 30, 30, 40, 9, 31);
INSERT INTO TBL_SCORE (SCO_SEQ, ORG_W_SCORE, ORG_P_SCORE, ORG_A_SCORE, F_W_SCORE, F_P_SCORE, F_A_SCORE, O_SUB_SEQ, ST_COU_SEQ) VALUES (62, 70, 80, 100, 21, 24, 40, 9, 32);
INSERT INTO TBL_SCORE (SCO_SEQ, ORG_W_SCORE, ORG_P_SCORE, ORG_A_SCORE, F_W_SCORE, F_P_SCORE, F_A_SCORE, O_SUB_SEQ, ST_COU_SEQ) VALUES (63, 70, 90, 90, 21, 27, 36, 9, 33);
INSERT INTO TBL_SCORE (SCO_SEQ, ORG_W_SCORE, ORG_P_SCORE, ORG_A_SCORE, F_W_SCORE, F_P_SCORE, F_A_SCORE, O_SUB_SEQ, ST_COU_SEQ) VALUES (64, 60, 100, 80, 18, 30, 32, 9, 34);
INSERT INTO TBL_SCORE (SCO_SEQ, ORG_W_SCORE, ORG_P_SCORE, ORG_A_SCORE, F_W_SCORE, F_P_SCORE, F_A_SCORE, O_SUB_SEQ, ST_COU_SEQ) VALUES (65, 80, 90, 90, 24, 27, 36, 9, 35);
INSERT INTO TBL_SCORE (SCO_SEQ, ORG_W_SCORE, ORG_P_SCORE, ORG_A_SCORE, F_W_SCORE, F_P_SCORE, F_A_SCORE, O_SUB_SEQ, ST_COU_SEQ) VALUES (66, 90, 70, 70, 27, 21, 28, 9, 36);
INSERT INTO TBL_SCORE (SCO_SEQ, ORG_W_SCORE, ORG_P_SCORE, ORG_A_SCORE, F_W_SCORE, F_P_SCORE, F_A_SCORE, O_SUB_SEQ, ST_COU_SEQ) VALUES (67, 100, 60, 80, 30, 18, 32, 9, 37);
INSERT INTO TBL_SCORE (SCO_SEQ, ORG_W_SCORE, ORG_P_SCORE, ORG_A_SCORE, F_W_SCORE, F_P_SCORE, F_A_SCORE, O_SUB_SEQ, ST_COU_SEQ) VALUES (68, 70, 80, 80, 21, 24, 32, 9, 38);
INSERT INTO TBL_SCORE (SCO_SEQ, ORG_W_SCORE, ORG_P_SCORE, ORG_A_SCORE, F_W_SCORE, F_P_SCORE, F_A_SCORE, O_SUB_SEQ, ST_COU_SEQ) VALUES (69, 80, 70, 90, 24, 21, 36, 9, 39);
INSERT INTO TBL_SCORE (SCO_SEQ, ORG_W_SCORE, ORG_P_SCORE, ORG_A_SCORE, F_W_SCORE, F_P_SCORE, F_A_SCORE, O_SUB_SEQ, ST_COU_SEQ) VALUES (70, 60, 80, 70, 18, 24, 28, 9, 40);
INSERT INTO TBL_SCORE (SCO_SEQ, ORG_W_SCORE, ORG_P_SCORE, ORG_A_SCORE, F_W_SCORE, F_P_SCORE, F_A_SCORE, O_SUB_SEQ, ST_COU_SEQ) VALUES (71, 90, 100, 90, 27, 30, 36, 9, 41);
INSERT INTO TBL_SCORE (SCO_SEQ, ORG_W_SCORE, ORG_P_SCORE, ORG_A_SCORE, F_W_SCORE, F_P_SCORE, F_A_SCORE, O_SUB_SEQ, ST_COU_SEQ) VALUES (72, 100, 90, 100, 30, 27, 40, 9, 42);
INSERT INTO TBL_SCORE (SCO_SEQ, ORG_W_SCORE, ORG_P_SCORE, ORG_A_SCORE, F_W_SCORE, F_P_SCORE, F_A_SCORE, O_SUB_SEQ, ST_COU_SEQ) VALUES (73, 50, 70, 60, 15, 21, 24, 9, 43);
INSERT INTO TBL_SCORE (SCO_SEQ, ORG_W_SCORE, ORG_P_SCORE, ORG_A_SCORE, F_W_SCORE, F_P_SCORE, F_A_SCORE, O_SUB_SEQ, ST_COU_SEQ) VALUES (74, 90, 80, 90, 27, 24, 36, 9, 44);
INSERT INTO TBL_SCORE (SCO_SEQ, ORG_W_SCORE, ORG_P_SCORE, ORG_A_SCORE, F_W_SCORE, F_P_SCORE, F_A_SCORE, O_SUB_SEQ, ST_COU_SEQ) VALUES (75, 90, 90, 100, 27, 27, 40, 9, 45);
INSERT INTO TBL_SCORE (SCO_SEQ, ORG_W_SCORE, ORG_P_SCORE, ORG_A_SCORE, F_W_SCORE, F_P_SCORE, F_A_SCORE, O_SUB_SEQ, ST_COU_SEQ) VALUES (76, 100, 100, 100, 30, 40, 30, 10, 31);
INSERT INTO TBL_SCORE (SCO_SEQ, ORG_W_SCORE, ORG_P_SCORE, ORG_A_SCORE, F_W_SCORE, F_P_SCORE, F_A_SCORE, O_SUB_SEQ, ST_COU_SEQ) VALUES (77, 80, 70, 80, 24, 28, 24, 10, 32);
INSERT INTO TBL_SCORE (SCO_SEQ, ORG_W_SCORE, ORG_P_SCORE, ORG_A_SCORE, F_W_SCORE, F_P_SCORE, F_A_SCORE, O_SUB_SEQ, ST_COU_SEQ) VALUES (78, 90, 80, 100, 27, 32, 30, 10, 33);
INSERT INTO TBL_SCORE (SCO_SEQ, ORG_W_SCORE, ORG_P_SCORE, ORG_A_SCORE, F_W_SCORE, F_P_SCORE, F_A_SCORE, O_SUB_SEQ, ST_COU_SEQ) VALUES (79, 100, 80, 80, 30, 32, 24, 10, 34);
INSERT INTO TBL_SCORE (SCO_SEQ, ORG_W_SCORE, ORG_P_SCORE, ORG_A_SCORE, F_W_SCORE, F_P_SCORE, F_A_SCORE, O_SUB_SEQ, ST_COU_SEQ) VALUES (80, 60, 70, 70, 18, 28, 21, 10, 35);
INSERT INTO TBL_SCORE (SCO_SEQ, ORG_W_SCORE, ORG_P_SCORE, ORG_A_SCORE, F_W_SCORE, F_P_SCORE, F_A_SCORE, O_SUB_SEQ, ST_COU_SEQ) VALUES (81, 100, 80, 90, 30, 32, 27, 10, 36);
INSERT INTO TBL_SCORE (SCO_SEQ, ORG_W_SCORE, ORG_P_SCORE, ORG_A_SCORE, F_W_SCORE, F_P_SCORE, F_A_SCORE, O_SUB_SEQ, ST_COU_SEQ) VALUES (82, 90, 90, 90, 27, 36, 27, 10, 37);
INSERT INTO TBL_SCORE (SCO_SEQ, ORG_W_SCORE, ORG_P_SCORE, ORG_A_SCORE, F_W_SCORE, F_P_SCORE, F_A_SCORE, O_SUB_SEQ, ST_COU_SEQ) VALUES (83, 70, 80, 80, 21, 32, 24, 10, 38);
INSERT INTO TBL_SCORE (SCO_SEQ, ORG_W_SCORE, ORG_P_SCORE, ORG_A_SCORE, F_W_SCORE, F_P_SCORE, F_A_SCORE, O_SUB_SEQ, ST_COU_SEQ) VALUES (84, 50, 70, 70, 15, 28, 21, 10, 39);
INSERT INTO TBL_SCORE (SCO_SEQ, ORG_W_SCORE, ORG_P_SCORE, ORG_A_SCORE, F_W_SCORE, F_P_SCORE, F_A_SCORE, O_SUB_SEQ, ST_COU_SEQ) VALUES (85, 100, 90, 100, 30, 36, 30, 10, 40);
INSERT INTO TBL_SCORE (SCO_SEQ, ORG_W_SCORE, ORG_P_SCORE, ORG_A_SCORE, F_W_SCORE, F_P_SCORE, F_A_SCORE, O_SUB_SEQ, ST_COU_SEQ) VALUES (86, 80, 90, 90, 24, 36, 27, 10, 41);
INSERT INTO TBL_SCORE (SCO_SEQ, ORG_W_SCORE, ORG_P_SCORE, ORG_A_SCORE, F_W_SCORE, F_P_SCORE, F_A_SCORE, O_SUB_SEQ, ST_COU_SEQ) VALUES (87, 60, 80, 90, 18, 32, 27, 10, 42);
INSERT INTO TBL_SCORE (SCO_SEQ, ORG_W_SCORE, ORG_P_SCORE, ORG_A_SCORE, F_W_SCORE, F_P_SCORE, F_A_SCORE, O_SUB_SEQ, ST_COU_SEQ) VALUES (88, 80, 70, 100, 24, 28, 30, 10, 43);
INSERT INTO TBL_SCORE (SCO_SEQ, ORG_W_SCORE, ORG_P_SCORE, ORG_A_SCORE, F_W_SCORE, F_P_SCORE, F_A_SCORE, O_SUB_SEQ, ST_COU_SEQ) VALUES (89, 90, 70, 80, 27, 28, 24, 10, 44);
INSERT INTO TBL_SCORE (SCO_SEQ, ORG_W_SCORE, ORG_P_SCORE, ORG_A_SCORE, F_W_SCORE, F_P_SCORE, F_A_SCORE, O_SUB_SEQ, ST_COU_SEQ) VALUES (90, 90, 80, 80, 27, 32, 24, 10, 45);
INSERT INTO TBL_SCORE (SCO_SEQ, ORG_W_SCORE, ORG_P_SCORE, ORG_A_SCORE, F_W_SCORE, F_P_SCORE, F_A_SCORE, O_SUB_SEQ, ST_COU_SEQ) VALUES (91, 100, 100, 100, 40, 30, 30, 11, 31);
INSERT INTO TBL_SCORE (SCO_SEQ, ORG_W_SCORE, ORG_P_SCORE, ORG_A_SCORE, F_W_SCORE, F_P_SCORE, F_A_SCORE, O_SUB_SEQ, ST_COU_SEQ) VALUES (92, 90, 80, 70, 36, 24, 21, 11, 32);
INSERT INTO TBL_SCORE (SCO_SEQ, ORG_W_SCORE, ORG_P_SCORE, ORG_A_SCORE, F_W_SCORE, F_P_SCORE, F_A_SCORE, O_SUB_SEQ, ST_COU_SEQ) VALUES (93, 80, 70, 80, 32, 21, 24, 11, 33);
INSERT INTO TBL_SCORE (SCO_SEQ, ORG_W_SCORE, ORG_P_SCORE, ORG_A_SCORE, F_W_SCORE, F_P_SCORE, F_A_SCORE, O_SUB_SEQ, ST_COU_SEQ) VALUES (94, 80, 90, 100, 32, 27, 30, 11, 34);
INSERT INTO TBL_SCORE (SCO_SEQ, ORG_W_SCORE, ORG_P_SCORE, ORG_A_SCORE, F_W_SCORE, F_P_SCORE, F_A_SCORE, O_SUB_SEQ, ST_COU_SEQ) VALUES (95, 80, 90, 70, 32, 27, 21, 11, 35);
INSERT INTO TBL_SCORE (SCO_SEQ, ORG_W_SCORE, ORG_P_SCORE, ORG_A_SCORE, F_W_SCORE, F_P_SCORE, F_A_SCORE, O_SUB_SEQ, ST_COU_SEQ) VALUES (96, 80, 90, 90, 32, 27, 27, 11, 36);
INSERT INTO TBL_SCORE (SCO_SEQ, ORG_W_SCORE, ORG_P_SCORE, ORG_A_SCORE, F_W_SCORE, F_P_SCORE, F_A_SCORE, O_SUB_SEQ, ST_COU_SEQ) VALUES (97, 60, 70, 70, 24, 21, 21, 11, 37);
INSERT INTO TBL_SCORE (SCO_SEQ, ORG_W_SCORE, ORG_P_SCORE, ORG_A_SCORE, F_W_SCORE, F_P_SCORE, F_A_SCORE, O_SUB_SEQ, ST_COU_SEQ) VALUES (98, 50, 40, 40, 20, 12, 12, 11, 38);
INSERT INTO TBL_SCORE (SCO_SEQ, ORG_W_SCORE, ORG_P_SCORE, ORG_A_SCORE, F_W_SCORE, F_P_SCORE, F_A_SCORE, O_SUB_SEQ, ST_COU_SEQ) VALUES (99, 100, 90, 100, 40, 27, 30, 11, 39);
INSERT INTO TBL_SCORE (SCO_SEQ, ORG_W_SCORE, ORG_P_SCORE, ORG_A_SCORE, F_W_SCORE, F_P_SCORE, F_A_SCORE, O_SUB_SEQ, ST_COU_SEQ) VALUES (100, 90, 100, 90, 36, 30, 27, 11, 40);
INSERT INTO TBL_SCORE (SCO_SEQ, ORG_W_SCORE, ORG_P_SCORE, ORG_A_SCORE, F_W_SCORE, F_P_SCORE, F_A_SCORE, O_SUB_SEQ, ST_COU_SEQ) VALUES (101, 90, 80, 90, 36, 24, 27, 11, 41);
INSERT INTO TBL_SCORE (SCO_SEQ, ORG_W_SCORE, ORG_P_SCORE, ORG_A_SCORE, F_W_SCORE, F_P_SCORE, F_A_SCORE, O_SUB_SEQ, ST_COU_SEQ) VALUES (102, 100, 90, 80, 40, 27, 24, 11, 42);
INSERT INTO TBL_SCORE (SCO_SEQ, ORG_W_SCORE, ORG_P_SCORE, ORG_A_SCORE, F_W_SCORE, F_P_SCORE, F_A_SCORE, O_SUB_SEQ, ST_COU_SEQ) VALUES (103, 90, 70, 80, 36, 21, 24, 11, 43);
INSERT INTO TBL_SCORE (SCO_SEQ, ORG_W_SCORE, ORG_P_SCORE, ORG_A_SCORE, F_W_SCORE, F_P_SCORE, F_A_SCORE, O_SUB_SEQ, ST_COU_SEQ) VALUES (104, 80, 80, 80, 32, 24, 24, 11, 44);
INSERT INTO TBL_SCORE (SCO_SEQ, ORG_W_SCORE, ORG_P_SCORE, ORG_A_SCORE, F_W_SCORE, F_P_SCORE, F_A_SCORE, O_SUB_SEQ, ST_COU_SEQ) VALUES (105, 70, 90, 90, 28, 27, 27, 11, 45);
INSERT INTO TBL_SCORE (SCO_SEQ, ORG_W_SCORE, ORG_P_SCORE, ORG_A_SCORE, F_W_SCORE, F_P_SCORE, F_A_SCORE, O_SUB_SEQ, ST_COU_SEQ) VALUES (106, 100, 100, 100, 40, 40, 20, 12, 31);
INSERT INTO TBL_SCORE (SCO_SEQ, ORG_W_SCORE, ORG_P_SCORE, ORG_A_SCORE, F_W_SCORE, F_P_SCORE, F_A_SCORE, O_SUB_SEQ, ST_COU_SEQ) VALUES (107, 80, 90, 90, 32, 36, 18, 12, 32);
INSERT INTO TBL_SCORE (SCO_SEQ, ORG_W_SCORE, ORG_P_SCORE, ORG_A_SCORE, F_W_SCORE, F_P_SCORE, F_A_SCORE, O_SUB_SEQ, ST_COU_SEQ) VALUES (108, 70, 60, 80, 28, 24, 16, 12, 33);
INSERT INTO TBL_SCORE (SCO_SEQ, ORG_W_SCORE, ORG_P_SCORE, ORG_A_SCORE, F_W_SCORE, F_P_SCORE, F_A_SCORE, O_SUB_SEQ, ST_COU_SEQ) VALUES (109, 90, 70, 90, 36, 28, 18, 12, 34);
INSERT INTO TBL_SCORE (SCO_SEQ, ORG_W_SCORE, ORG_P_SCORE, ORG_A_SCORE, F_W_SCORE, F_P_SCORE, F_A_SCORE, O_SUB_SEQ, ST_COU_SEQ) VALUES (110, 90, 70, 100, 36, 28, 20, 12, 35);
INSERT INTO TBL_SCORE (SCO_SEQ, ORG_W_SCORE, ORG_P_SCORE, ORG_A_SCORE, F_W_SCORE, F_P_SCORE, F_A_SCORE, O_SUB_SEQ, ST_COU_SEQ) VALUES (111, 70, 80, 70, 28, 32, 14, 12, 36);
INSERT INTO TBL_SCORE (SCO_SEQ, ORG_W_SCORE, ORG_P_SCORE, ORG_A_SCORE, F_W_SCORE, F_P_SCORE, F_A_SCORE, O_SUB_SEQ, ST_COU_SEQ) VALUES (112, 80, 100, 80, 32, 40, 16, 12, 37);
INSERT INTO TBL_SCORE (SCO_SEQ, ORG_W_SCORE, ORG_P_SCORE, ORG_A_SCORE, F_W_SCORE, F_P_SCORE, F_A_SCORE, O_SUB_SEQ, ST_COU_SEQ) VALUES (113, 90, 90, 90, 36, 36, 18, 12, 38);
INSERT INTO TBL_SCORE (SCO_SEQ, ORG_W_SCORE, ORG_P_SCORE, ORG_A_SCORE, F_W_SCORE, F_P_SCORE, F_A_SCORE, O_SUB_SEQ, ST_COU_SEQ) VALUES (114, 70, 70, 70, 28, 28, 14, 12, 39);
INSERT INTO TBL_SCORE (SCO_SEQ, ORG_W_SCORE, ORG_P_SCORE, ORG_A_SCORE, F_W_SCORE, F_P_SCORE, F_A_SCORE, O_SUB_SEQ, ST_COU_SEQ) VALUES (115, 80, 90, 90, 32, 36, 18, 12, 40);
INSERT INTO TBL_SCORE (SCO_SEQ, ORG_W_SCORE, ORG_P_SCORE, ORG_A_SCORE, F_W_SCORE, F_P_SCORE, F_A_SCORE, O_SUB_SEQ, ST_COU_SEQ) VALUES (116, 90, 70, 70, 36, 28, 14, 12, 41);
INSERT INTO TBL_SCORE (SCO_SEQ, ORG_W_SCORE, ORG_P_SCORE, ORG_A_SCORE, F_W_SCORE, F_P_SCORE, F_A_SCORE, O_SUB_SEQ, ST_COU_SEQ) VALUES (117, 90, 70, 80, 36, 28, 16, 12, 42);
INSERT INTO TBL_STATE (STATE_SEQ, STATE) VALUES (1, '출근');
INSERT INTO TBL_STATE (STATE_SEQ, STATE) VALUES (2, '조퇴');
INSERT INTO TBL_STATE (STATE_SEQ, STATE) VALUES (3, '외출');
INSERT INTO TBL_STATE (STATE_SEQ, STATE) VALUES (4, '퇴근');
INSERT INTO TBL_STUDENT (S_ID, NAME, BIRTH_SSN, SSN, PHONE_NUMBER, PASSWORD) VALUES ('C001', '김이박', 870503, 1231202, '010-6174-0242', null);
INSERT INTO TBL_STUDENT (S_ID, NAME, BIRTH_SSN, SSN, PHONE_NUMBER, PASSWORD) VALUES ('C002', '강봉구', 890303, 1210126, '010-4571-3319', null);
INSERT INTO TBL_STUDENT (S_ID, NAME, BIRTH_SSN, SSN, PHONE_NUMBER, PASSWORD) VALUES ('C003', '최치수', 901211, 1101105, '010-1019-7892', null);
INSERT INTO TBL_STUDENT (S_ID, NAME, BIRTH_SSN, SSN, PHONE_NUMBER, PASSWORD) VALUES ('C004', '정대만', 910503, 1122121, '010-2858-4219', null);
INSERT INTO TBL_STUDENT (S_ID, NAME, BIRTH_SSN, SSN, PHONE_NUMBER, PASSWORD) VALUES ('C005', '송태섭', 921010, 1101128, '010-2154-9978', null);
INSERT INTO TBL_STUDENT (S_ID, NAME, BIRTH_SSN, SSN, PHONE_NUMBER, PASSWORD) VALUES ('C006', '강백호', 930201, 1151484, '010-9844-3845', null);
INSERT INTO TBL_STUDENT (S_ID, NAME, BIRTH_SSN, SSN, PHONE_NUMBER, PASSWORD) VALUES ('C007', '서태웅', 930812, 1201365, '010-7523-1212', null);
INSERT INTO TBL_STUDENT (S_ID, NAME, BIRTH_SSN, SSN, PHONE_NUMBER, PASSWORD) VALUES ('C008', '최소연', 911021, 2352482, '010-6404-3287', null);
INSERT INTO TBL_STUDENT (S_ID, NAME, BIRTH_SSN, SSN, PHONE_NUMBER, PASSWORD) VALUES ('C009', '정우성', 871213, 1015428, '010-3258-4464', null);
INSERT INTO TBL_STUDENT (S_ID, NAME, BIRTH_SSN, SSN, PHONE_NUMBER, PASSWORD) VALUES ('C010', '이민정', 920503, 2121515, '010-9875-3321', null);
INSERT INTO TBL_STUDENT (S_ID, NAME, BIRTH_SSN, SSN, PHONE_NUMBER, PASSWORD) VALUES ('C011', '김라탄', 890103, 1250326, '010-8182-2015', null);
INSERT INTO TBL_STUDENT (S_ID, NAME, BIRTH_SSN, SSN, PHONE_NUMBER, PASSWORD) VALUES ('C012', '왕선비', 801203, 2051216, '010-2150-0059', null);
INSERT INTO TBL_STUDENT (S_ID, NAME, BIRTH_SSN, SSN, PHONE_NUMBER, PASSWORD) VALUES ('C013', '정현', 940203, 1213151, '010-9841-3576', null);
INSERT INTO TBL_STUDENT (S_ID, NAME, BIRTH_SSN, SSN, PHONE_NUMBER, PASSWORD) VALUES ('C014', '최두식', 890423, 1318524, '010-8521-3570', null);
INSERT INTO TBL_STUDENT (S_ID, NAME, BIRTH_SSN, SSN, PHONE_NUMBER, PASSWORD) VALUES ('C015', '봉조지', 901223, 1205789, '010-2652-8388', null);
INSERT INTO TBL_STUDENT (S_ID, NAME, BIRTH_SSN, SSN, PHONE_NUMBER, PASSWORD) VALUES ('C016', '박주영', 921225, 2123548, '010-9785-0231', null);
INSERT INTO TBL_STUDENT (S_ID, NAME, BIRTH_SSN, SSN, PHONE_NUMBER, PASSWORD) VALUES ('C017', '지소연', 911112, 2113151, '010-8514-0231', null);
INSERT INTO TBL_STUDENT (S_ID, NAME, BIRTH_SSN, SSN, PHONE_NUMBER, PASSWORD) VALUES ('C018', '이상혁', 950512, 1213515, '010-6653-0009', null);
INSERT INTO TBL_STUDENT (S_ID, NAME, BIRTH_SSN, SSN, PHONE_NUMBER, PASSWORD) VALUES ('C019', '김종인', 940105, 1215123, '010-9842-3241', null);
INSERT INTO TBL_STUDENT (S_ID, NAME, BIRTH_SSN, SSN, PHONE_NUMBER, PASSWORD) VALUES ('C020', '홍민기', 920512, 1215136, '010-7786-0287', null);
INSERT INTO TBL_STUDENT (S_ID, NAME, BIRTH_SSN, SSN, PHONE_NUMBER, PASSWORD) VALUES ('C021', '김동하', 880706, 2135198, '010-6151-7877', null);
INSERT INTO TBL_STUDENT (S_ID, NAME, BIRTH_SSN, SSN, PHONE_NUMBER, PASSWORD) VALUES ('C022', '한원호', 890625, 1021845, '010-6255-3205', null);
INSERT INTO TBL_STUDENT (S_ID, NAME, BIRTH_SSN, SSN, PHONE_NUMBER, PASSWORD) VALUES ('C023', '김소심', 930123, 2123546, '010-2292-7323', null);
INSERT INTO TBL_STUDENT (S_ID, NAME, BIRTH_SSN, SSN, PHONE_NUMBER, PASSWORD) VALUES ('C024', '박정은', 801130, 2268732, '010-1521-7324', null);
INSERT INTO TBL_STUDENT (S_ID, NAME, BIRTH_SSN, SSN, PHONE_NUMBER, PASSWORD) VALUES ('C025', '최정원', 870509, 2568212, '010-2131-7325', null);
INSERT INTO TBL_STUDENT (S_ID, NAME, BIRTH_SSN, SSN, PHONE_NUMBER, PASSWORD) VALUES ('C026', '이은수', 940625, 2185782, '010-6584-7326', null);
INSERT INTO TBL_STUDENT (S_ID, NAME, BIRTH_SSN, SSN, PHONE_NUMBER, PASSWORD) VALUES ('C027', '송승원', 821127, 2132487, '010-1329-7327', null);
INSERT INTO TBL_STUDENT (S_ID, NAME, BIRTH_SSN, SSN, PHONE_NUMBER, PASSWORD) VALUES ('C028', '김현정', 920407, 2863532, '010-1676-7328', null);
INSERT INTO TBL_STUDENT (S_ID, NAME, BIRTH_SSN, SSN, PHONE_NUMBER, PASSWORD) VALUES ('C029', '공연우', 920705, 2123474, '010-7892-7329', null);
INSERT INTO TBL_STUDENT (S_ID, NAME, BIRTH_SSN, SSN, PHONE_NUMBER, PASSWORD) VALUES ('C030', '유지한', 950428, 2254231, '010-1048-7330', null);
INSERT INTO TBL_STUDENT (S_ID, NAME, BIRTH_SSN, SSN, PHONE_NUMBER, PASSWORD) VALUES ('C031', '김유빈', 950307, 4387321, '010-7621-7332', null);
INSERT INTO TBL_STUDENT (S_ID, NAME, BIRTH_SSN, SSN, PHONE_NUMBER, PASSWORD) VALUES ('C032', '정진혁', 881225, 2758112, '010-1308-7333', null);
INSERT INTO TBL_STUDENT (S_ID, NAME, BIRTH_SSN, SSN, PHONE_NUMBER, PASSWORD) VALUES ('C033', '김형원', 910229, 2354811, '010-9865-7334', null);
INSERT INTO TBL_STUDENT (S_ID, NAME, BIRTH_SSN, SSN, PHONE_NUMBER, PASSWORD) VALUES ('C034', '한원형', 930927, 2254438, '010-1378-7335', null);
INSERT INTO TBL_STUDENT (S_ID, NAME, BIRTH_SSN, SSN, PHONE_NUMBER, PASSWORD) VALUES ('C035', '박지수', 961124, 1135757, '010-8630-7336', null);
INSERT INTO TBL_STUDENT (S_ID, NAME, BIRTH_SSN, SSN, PHONE_NUMBER, PASSWORD) VALUES ('C036', '최소민', 910101, 3654101, '010-7463-7337', null);
INSERT INTO TBL_STUDENT (S_ID, NAME, BIRTH_SSN, SSN, PHONE_NUMBER, PASSWORD) VALUES ('C037', '전지연', 941008, 1321345, '010-2126-7338', null);
INSERT INTO TBL_STUDENT (S_ID, NAME, BIRTH_SSN, SSN, PHONE_NUMBER, PASSWORD) VALUES ('C038', '성유나', 880416, 1356132, '010-3218-7339', null);
INSERT INTO TBL_STUDENT (S_ID, NAME, BIRTH_SSN, SSN, PHONE_NUMBER, PASSWORD) VALUES ('C039', '이미나', 871212, 1246562, '010-3045-7340', null);
INSERT INTO TBL_STUDENT (S_ID, NAME, BIRTH_SSN, SSN, PHONE_NUMBER, PASSWORD) VALUES ('C040', '김서현', 921006, 1321554, '010-1002-7341', null);
INSERT INTO TBL_STUDENT (S_ID, NAME, BIRTH_SSN, SSN, PHONE_NUMBER, PASSWORD) VALUES ('C041', '오은정', 980315, 1321681, '010-1004-7342', null);
INSERT INTO TBL_STUDENT (S_ID, NAME, BIRTH_SSN, SSN, PHONE_NUMBER, PASSWORD) VALUES ('C042', '지한솔', 940815, 1135474, '010-2084-7343', null);
INSERT INTO TBL_STUDENT (S_ID, NAME, BIRTH_SSN, SSN, PHONE_NUMBER, PASSWORD) VALUES ('C043', '노지현', 950127, 1321621, '010-0420-7344', null);
INSERT INTO TBL_STUDENT (S_ID, NAME, BIRTH_SSN, SSN, PHONE_NUMBER, PASSWORD) VALUES ('C044', '박종수', 950222, 1168421, '010-2024-7345', null);
INSERT INTO TBL_STUDENT (S_ID, NAME, BIRTH_SSN, SSN, PHONE_NUMBER, PASSWORD) VALUES ('C045', '정서훈', 930620, 1679325, '010-2052-7346', null);
INSERT INTO TBL_SUBJECT (SUB_SEQ, NAME) VALUES (1, '응용SW 기초 기술 활용');
INSERT INTO TBL_SUBJECT (SUB_SEQ, NAME) VALUES (2, '프로그래밍 언어 활용');
INSERT INTO TBL_SUBJECT (SUB_SEQ, NAME) VALUES (3, '애플리케이션 배포');
INSERT INTO TBL_SUBJECT (SUB_SEQ, NAME) VALUES (4, '애플리케이션 구현');
INSERT INTO TBL_SUBJECT (SUB_SEQ, NAME) VALUES (5, 'HTML5');
INSERT INTO TBL_SUBJECT (SUB_SEQ, NAME) VALUES (6, 'CSS3');
INSERT INTO TBL_SUBJECT (SUB_SEQ, NAME) VALUES (7, 'JavaScript');
INSERT INTO TBL_SUBJECT (SUB_SEQ, NAME) VALUES (8, 'JQuery');
INSERT INTO TBL_SUBJECT (SUB_SEQ, NAME) VALUES (9, '개발자 테스트');
INSERT INTO TBL_SUBJECT (SUB_SEQ, NAME) VALUES (10, '애플리케이션 테스트 수행');
INSERT INTO TBL_SUBJECT (SUB_SEQ, NAME) VALUES (11, 'myBATIS');
INSERT INTO TBL_SUBJECT (SUB_SEQ, NAME) VALUES (12, 'Spring');
INSERT INTO TBL_TEACHER (T_ID, NAME, SSN, PHONE_NUMBER, PASSWORD) VALUES ('B1', '지잘난', '2302482', '010-1342-2428', null);
INSERT INTO TBL_TEACHER (T_ID, NAME, SSN, PHONE_NUMBER, PASSWORD) VALUES ('B2', '임특출', '2293212', '010-7454-4532', null);
INSERT INTO TBL_TEACHER (T_ID, NAME, SSN, PHONE_NUMBER, PASSWORD) VALUES ('B3', '김열심', '1233459', '010-9345-1133', null);
INSERT INTO TBL_TEACHER (T_ID, NAME, SSN, PHONE_NUMBER, PASSWORD) VALUES ('B4', '박성공', '1957652', '010-5565-9980', null);
INSERT INTO TBL_TEACHER (T_ID, NAME, SSN, PHONE_NUMBER, PASSWORD) VALUES ('B5', '박조장', '2234561', '010-3432-7786', null);
INSERT INTO TBL_TEACHER (T_ID, NAME, SSN, PHONE_NUMBER, PASSWORD) VALUES ('B6', '임시완', '1234567', '010-4530-2658', null);
INSERT INTO TBL_TEACHER (T_ID, NAME, SSN, PHONE_NUMBER, PASSWORD) VALUES ('B7', '배주현', '2234567', '010-1274-0596', null);
INSERT INTO TBL_TEACHER (T_ID, NAME, SSN, PHONE_NUMBER, PASSWORD) VALUES ('B8', '서지혜', '2234568', '010-0820-1221', null);
INSERT INTO TBL_TEACHER (T_ID, NAME, SSN, PHONE_NUMBER, PASSWORD) VALUES ('B9', '차은우', '1244567', '010-1126-1223', null);
INSERT INTO TBL_TEACHER (T_ID, NAME, SSN, PHONE_NUMBER, PASSWORD) VALUES ('B10', '이지금', '1234577', '010-8820-7567', null);

COMMIT;